image,transcription,transliteration,length,font_used
s_img_00837_aug1.png,ꦲꦥꦝ,hapadha,3,New Kramawirya
s_img_00837_aug2.png,ꦲꦥꦝ,hapadha,3,New Kramawirya
s_img_00837_aug3.png,ꦲꦥꦝ,hapadha,3,New Kramawirya
s_img_00582_aug1.png,ꦗꦔꦗꦛꦫꦝ,jangajatharadha,6,Noto Sans Javanese Regular
s_img_00582_aug2.png,ꦗꦔꦗꦛꦫꦝ,jangajatharadha,6,Noto Sans Javanese Regular
s_img_00582_aug3.png,ꦗꦔꦗꦛꦫꦝ,jangajatharadha,6,Noto Sans Javanese Regular
s_img_01079_aug1.png,ꦏꦏꦮꦝ,kakawadha,4,CARAKAN JAWA
s_img_01079_aug2.png,ꦏꦏꦮꦝ,kakawadha,4,CARAKAN JAWA
s_img_01079_aug3.png,ꦏꦏꦮꦝ,kakawadha,4,CARAKAN JAWA
s_img_00795_aug1.png,ꦒꦔꦒꦥꦪ,gangagapaya,5,CARAKAN JAWA
s_img_00795_aug2.png,ꦒꦔꦒꦥꦪ,gangagapaya,5,CARAKAN JAWA
s_img_00795_aug3.png,ꦒꦔꦒꦥꦪ,gangagapaya,5,CARAKAN JAWA
s_img_00671_aug1.png,ꦏꦱꦭꦮꦥ,kasalawapa,5,Nyk Ngayogyan Jejeg
s_img_00671_aug2.png,ꦏꦱꦭꦮꦥ,kasalawapa,5,Nyk Ngayogyan Jejeg
s_img_00671_aug3.png,ꦏꦱꦭꦮꦥ,kasalawapa,5,Nyk Ngayogyan Jejeg
s_img_00767_aug1.png,ꦭꦮꦪꦗꦝꦚ,lawayajadhanya,6,New Kramawirya
s_img_00767_aug2.png,ꦭꦮꦪꦗꦝꦚ,lawayajadhanya,6,New Kramawirya
s_img_00767_aug3.png,ꦭꦮꦪꦗꦝꦚ,lawayajadhanya,6,New Kramawirya
s_img_00206_aug1.png,ꦧꦧꦗꦚ,babajanya,4,Tuladha Jejeg
s_img_00206_aug2.png,ꦧꦧꦗꦚ,babajanya,4,Tuladha Jejeg
s_img_00206_aug3.png,ꦧꦧꦗꦚ,babajanya,4,Tuladha Jejeg
s_img_00517_aug1.png,ꦩꦲꦲꦧꦧ,mahahababa,5,Noto Sans Javanese Bold
s_img_00517_aug2.png,ꦩꦲꦲꦧꦧ,mahahababa,5,Noto Sans Javanese Bold
s_img_00517_aug3.png,ꦩꦲꦲꦧꦧ,mahahababa,5,Noto Sans Javanese Bold
s_img_00786_aug1.png,ꦢꦥꦤꦲ,dapanaha,4,Nawatura Beta
s_img_00786_aug2.png,ꦢꦥꦤꦲ,dapanaha,4,Nawatura Beta
s_img_00786_aug3.png,ꦢꦥꦤꦲ,dapanaha,4,Nawatura Beta
s_img_00311_aug1.png,ꦚꦭꦮꦛꦤ,nyalawathana,5,Noto Sans Javanese Regular
s_img_00311_aug2.png,ꦚꦭꦮꦛꦤ,nyalawathana,5,Noto Sans Javanese Regular
s_img_00311_aug3.png,ꦚꦭꦮꦛꦤ,nyalawathana,5,Noto Sans Javanese Regular
s_img_00770_aug1.png,ꦔꦔꦭꦭꦫꦩ,ngangalalarama,6,Gumregah New FULL
s_img_00770_aug2.png,ꦔꦔꦭꦭꦫꦩ,ngangalalarama,6,Gumregah New FULL
s_img_00770_aug3.png,ꦔꦔꦭꦭꦫꦩ,ngangalalarama,6,Gumregah New FULL
s_img_01134_aug1.png,ꦔꦗ,ngaja,2,Nayaka New
s_img_01134_aug2.png,ꦔꦗ,ngaja,2,Nayaka New
s_img_01134_aug3.png,ꦔꦗ,ngaja,2,Nayaka New
s_img_00111_aug1.png,ꦏꦲꦫ,kahara,3,Noto Sans Javanese Regular
s_img_00111_aug2.png,ꦏꦲꦫ,kahara,3,Noto Sans Javanese Regular
s_img_00111_aug3.png,ꦏꦲꦫ,kahara,3,Noto Sans Javanese Regular
s_img_00755_aug1.png,ꦝꦤꦒꦢꦕꦭ,dhanagadacala,6,CARAKAN JAWA
s_img_00755_aug2.png,ꦝꦤꦒꦢꦕꦭ,dhanagadacala,6,CARAKAN JAWA
s_img_00755_aug3.png,ꦝꦤꦒꦢꦕꦭ,dhanagadacala,6,CARAKAN JAWA
s_img_00322_aug1.png,ꦔꦏꦥꦕ,ngakapaca,4,Nyk Ngayogyan Jejeg
s_img_00322_aug2.png,ꦔꦏꦥꦕ,ngakapaca,4,Nyk Ngayogyan Jejeg
s_img_00322_aug3.png,ꦔꦏꦥꦕ,ngakapaca,4,Nyk Ngayogyan Jejeg
s_img_00509_aug1.png,ꦛꦪꦭꦏꦠꦥ,thayalakatapa,6,New Kramawirya
s_img_00509_aug2.png,ꦛꦪꦭꦏꦠꦥ,thayalakatapa,6,New Kramawirya
s_img_00509_aug3.png,ꦛꦪꦭꦏꦠꦥ,thayalakatapa,6,New Kramawirya
s_img_00876_aug1.png,ꦗꦮ,jawa,2,Gumregah New FULL
s_img_00876_aug2.png,ꦗꦮ,jawa,2,Gumregah New FULL
s_img_00876_aug3.png,ꦗꦮ,jawa,2,Gumregah New FULL
s_img_00473_aug1.png,ꦒꦪꦚ,gayanya,3,Nyk Ngayogyan Jejeg
s_img_00473_aug2.png,ꦒꦪꦚ,gayanya,3,Nyk Ngayogyan Jejeg
s_img_00473_aug3.png,ꦒꦪꦚ,gayanya,3,Nyk Ngayogyan Jejeg
s_img_01096_aug1.png,ꦥꦝꦔ,padhanga,3,Nyk Ngayogyan New Italic
s_img_01096_aug2.png,ꦥꦝꦔ,padhanga,3,Nyk Ngayogyan New Italic
s_img_01096_aug3.png,ꦥꦝꦔ,padhanga,3,Nyk Ngayogyan New Italic
s_img_00552_aug1.png,ꦚꦫꦏ,nyaraka,3,Noto Sans Javanese Regular
s_img_00552_aug2.png,ꦚꦫꦏ,nyaraka,3,Noto Sans Javanese Regular
s_img_00552_aug3.png,ꦚꦫꦏ,nyaraka,3,Noto Sans Javanese Regular
s_img_01004_aug1.png,ꦢꦥꦪ,dapaya,3,Nyk Ngayogyan New Italic
s_img_01004_aug2.png,ꦢꦥꦪ,dapaya,3,Nyk Ngayogyan New Italic
s_img_01004_aug3.png,ꦢꦥꦪ,dapaya,3,Nyk Ngayogyan New Italic
s_img_00756_aug1.png,ꦗꦏꦒꦛꦲꦢ,jakagathahada,6,New Kramawirya
s_img_00756_aug2.png,ꦗꦏꦒꦛꦲꦢ,jakagathahada,6,New Kramawirya
s_img_00756_aug3.png,ꦗꦏꦒꦛꦲꦢ,jakagathahada,6,New Kramawirya
s_img_00792_aug1.png,ꦝꦭꦏ,dhalaka,3,Gumregah New FULL
s_img_00792_aug2.png,ꦝꦭꦏ,dhalaka,3,Gumregah New FULL
s_img_00792_aug3.png,ꦝꦭꦏ,dhalaka,3,Gumregah New FULL
s_img_00895_aug1.png,ꦢꦱꦔ,dasanga,3,Noto Sans Javanese Bold
s_img_00895_aug2.png,ꦢꦱꦔ,dasanga,3,Noto Sans Javanese Bold
s_img_00895_aug3.png,ꦢꦱꦔ,dasanga,3,Noto Sans Javanese Bold
s_img_00396_aug1.png,ꦛꦛꦏ,thathaka,3,Tuladha Jejeg
s_img_00396_aug2.png,ꦛꦛꦏ,thathaka,3,Tuladha Jejeg
s_img_00396_aug3.png,ꦛꦛꦏ,thathaka,3,Tuladha Jejeg
s_img_00368_aug1.png,ꦕꦥ,capa,2,Nawatura Beta
s_img_00368_aug2.png,ꦕꦥ,capa,2,Nawatura Beta
s_img_00368_aug3.png,ꦕꦥ,capa,2,Nawatura Beta
s_img_00105_aug1.png,ꦠꦒꦩꦢꦕ,tagamadaca,5,Noto Sans Javanese Bold
s_img_00105_aug2.png,ꦠꦒꦩꦢꦕ,tagamadaca,5,Noto Sans Javanese Bold
s_img_00105_aug3.png,ꦠꦒꦩꦢꦕ,tagamadaca,5,Noto Sans Javanese Bold
s_img_01012_aug1.png,ꦲꦗ,haja,2,Noto Sans Javanese Bold
s_img_01012_aug2.png,ꦲꦗ,haja,2,Noto Sans Javanese Bold
s_img_01012_aug3.png,ꦲꦗ,haja,2,Noto Sans Javanese Bold
s_img_00497_aug1.png,ꦧꦒꦏꦗꦱ,bagakajasa,5,Nyk Ngayogyan New Italic
s_img_00497_aug2.png,ꦧꦒꦏꦗꦱ,bagakajasa,5,Nyk Ngayogyan New Italic
s_img_00497_aug3.png,ꦧꦒꦏꦗꦱ,bagakajasa,5,Nyk Ngayogyan New Italic
s_img_00788_aug1.png,ꦕꦏꦔꦪꦪ,cakangayaya,5,Nayaka New
s_img_00788_aug2.png,ꦕꦏꦔꦪꦪ,cakangayaya,5,Nayaka New
s_img_00788_aug3.png,ꦕꦏꦔꦪꦪ,cakangayaya,5,Nayaka New
s_img_00998_aug1.png,ꦫꦢꦤꦠꦮ,radanatawa,5,Nyk Ngayogyan New Italic
s_img_00998_aug2.png,ꦫꦢꦤꦠꦮ,radanatawa,5,Nyk Ngayogyan New Italic
s_img_00998_aug3.png,ꦫꦢꦤꦠꦮ,radanatawa,5,Nyk Ngayogyan New Italic
s_img_01058_aug1.png,ꦲꦔꦝ,hangadha,3,Nyk Ngayogyan Jejeg
s_img_01058_aug2.png,ꦲꦔꦝ,hangadha,3,Nyk Ngayogyan Jejeg
s_img_01058_aug3.png,ꦲꦔꦝ,hangadha,3,Nyk Ngayogyan Jejeg
s_img_00984_aug1.png,ꦱꦛꦏꦤꦒ,sathakanaga,5,Nayaka New
s_img_00984_aug2.png,ꦱꦛꦏꦤꦒ,sathakanaga,5,Nayaka New
s_img_00984_aug3.png,ꦱꦛꦏꦤꦒ,sathakanaga,5,Nayaka New
s_img_00826_aug1.png,ꦱꦩꦝꦗꦏ,samadhajaka,5,Tuladha Jejeg
s_img_00826_aug2.png,ꦱꦩꦝꦗꦏ,samadhajaka,5,Tuladha Jejeg
s_img_00826_aug3.png,ꦱꦩꦝꦗꦏ,samadhajaka,5,Tuladha Jejeg
s_img_00088_aug1.png,ꦱꦠꦚꦝꦭ,satanyadhala,5,Gumregah New FULL
s_img_00088_aug2.png,ꦱꦠꦚꦝꦭ,satanyadhala,5,Gumregah New FULL
s_img_00088_aug3.png,ꦱꦠꦚꦝꦭ,satanyadhala,5,Gumregah New FULL
s_img_00668_aug1.png,ꦩꦤꦏꦮꦕ,manakawaca,5,Nayaka New
s_img_00668_aug2.png,ꦩꦤꦏꦮꦕ,manakawaca,5,Nayaka New
s_img_00668_aug3.png,ꦩꦤꦏꦮꦕ,manakawaca,5,Nayaka New
s_img_00595_aug1.png,ꦧꦭꦢ,balada,3,Nyk Ngayogyan New Italic
s_img_00595_aug2.png,ꦧꦭꦢ,balada,3,Nyk Ngayogyan New Italic
s_img_00595_aug3.png,ꦧꦭꦢ,balada,3,Nyk Ngayogyan New Italic
s_img_00742_aug1.png,ꦠꦏꦔꦮꦥ,takangawapa,5,Nayaka New
s_img_00742_aug2.png,ꦠꦏꦔꦮꦥ,takangawapa,5,Nayaka New
s_img_00742_aug3.png,ꦠꦏꦔꦮꦥ,takangawapa,5,Nayaka New
s_img_00638_aug1.png,ꦛꦕ,thaca,2,Nyk Ngayogyan New Italic
s_img_00638_aug2.png,ꦛꦕ,thaca,2,Nyk Ngayogyan New Italic
s_img_00638_aug3.png,ꦛꦕ,thaca,2,Nyk Ngayogyan New Italic
s_img_00457_aug1.png,ꦩꦥꦱ,mapasa,3,Nayaka New
s_img_00457_aug2.png,ꦩꦥꦱ,mapasa,3,Nayaka New
s_img_00457_aug3.png,ꦩꦥꦱ,mapasa,3,Nayaka New
s_img_00726_aug1.png,ꦪꦧꦧ,yababa,3,New Kramawirya
s_img_00726_aug2.png,ꦪꦧꦧ,yababa,3,New Kramawirya
s_img_00726_aug3.png,ꦪꦧꦧ,yababa,3,New Kramawirya
s_img_00036_aug1.png,ꦧꦏ,baka,2,Noto Sans Javanese Regular
s_img_00036_aug2.png,ꦧꦏ,baka,2,Noto Sans Javanese Regular
s_img_00036_aug3.png,ꦧꦏ,baka,2,Noto Sans Javanese Regular
s_img_00129_aug1.png,ꦏꦚꦢꦤꦮ,kanyadanawa,5,CARAKAN JAWA
s_img_00129_aug2.png,ꦏꦚꦢꦤꦮ,kanyadanawa,5,CARAKAN JAWA
s_img_00129_aug3.png,ꦏꦚꦢꦤꦮ,kanyadanawa,5,CARAKAN JAWA
s_img_00958_aug1.png,ꦗꦔꦒꦭꦔ,jangagalanga,5,Gumregah New FULL
s_img_00958_aug2.png,ꦗꦔꦒꦭꦔ,jangagalanga,5,Gumregah New FULL
s_img_00958_aug3.png,ꦗꦔꦒꦭꦔ,jangagalanga,5,Gumregah New FULL
s_img_00049_aug1.png,ꦤꦗ,naja,2,Noto Sans Javanese Regular
s_img_00049_aug2.png,ꦤꦗ,naja,2,Noto Sans Javanese Regular
s_img_00049_aug3.png,ꦤꦗ,naja,2,Noto Sans Javanese Regular
s_img_00715_aug1.png,ꦱꦛꦫꦩꦏꦥ,satharamakapa,6,CARAKAN JAWA
s_img_00715_aug2.png,ꦱꦛꦫꦩꦏꦥ,satharamakapa,6,CARAKAN JAWA
s_img_00715_aug3.png,ꦱꦛꦫꦩꦏꦥ,satharamakapa,6,CARAKAN JAWA
s_img_00405_aug1.png,ꦒꦧꦫꦥ,gabarapa,4,Noto Sans Javanese Bold
s_img_00405_aug2.png,ꦒꦧꦫꦥ,gabarapa,4,Noto Sans Javanese Bold
s_img_00405_aug3.png,ꦒꦧꦫꦥ,gabarapa,4,Noto Sans Javanese Bold
s_img_00928_aug1.png,ꦫꦩꦩꦩ,ramamama,4,Gumregah New FULL
s_img_00928_aug2.png,ꦫꦩꦩꦩ,ramamama,4,Gumregah New FULL
s_img_00928_aug3.png,ꦫꦩꦩꦩ,ramamama,4,Gumregah New FULL
s_img_00164_aug1.png,ꦤꦤꦧꦭ,nanabala,4,New Kramawirya
s_img_00164_aug2.png,ꦤꦤꦧꦭ,nanabala,4,New Kramawirya
s_img_00164_aug3.png,ꦤꦤꦧꦭ,nanabala,4,New Kramawirya
s_img_00853_aug1.png,ꦛꦪꦧꦭꦪꦲ,thayabalayaha,6,Nawatura Beta
s_img_00853_aug2.png,ꦛꦪꦧꦭꦪꦲ,thayabalayaha,6,Nawatura Beta
s_img_00853_aug3.png,ꦛꦪꦧꦭꦪꦲ,thayabalayaha,6,Nawatura Beta
s_img_00163_aug1.png,ꦝꦢꦭ,dhadala,3,Nawatura Beta
s_img_00163_aug2.png,ꦝꦢꦭ,dhadala,3,Nawatura Beta
s_img_00163_aug3.png,ꦝꦢꦭ,dhadala,3,Nawatura Beta
s_img_00999_aug1.png,ꦫꦚꦥꦮꦝ,ranyapawadha,5,CARAKAN JAWA
s_img_00999_aug2.png,ꦫꦚꦥꦮꦝ,ranyapawadha,5,CARAKAN JAWA
s_img_00999_aug3.png,ꦫꦚꦥꦮꦝ,ranyapawadha,5,CARAKAN JAWA
s_img_00248_aug1.png,ꦤꦝꦠꦚ,nadhatanya,4,CARAKAN JAWA
s_img_00248_aug2.png,ꦤꦝꦠꦚ,nadhatanya,4,CARAKAN JAWA
s_img_00248_aug3.png,ꦤꦝꦠꦚ,nadhatanya,4,CARAKAN JAWA
s_img_01150_aug1.png,ꦲꦚꦩꦩ,hanyamama,4,Tuladha Jejeg
s_img_01150_aug2.png,ꦲꦚꦩꦩ,hanyamama,4,Tuladha Jejeg
s_img_01150_aug3.png,ꦲꦚꦩꦩ,hanyamama,4,Tuladha Jejeg
s_img_00542_aug1.png,ꦕꦢꦪ,cadaya,3,New Kramawirya
s_img_00542_aug2.png,ꦕꦢꦪ,cadaya,3,New Kramawirya
s_img_00542_aug3.png,ꦕꦢꦪ,cadaya,3,New Kramawirya
s_img_00070_aug1.png,ꦫꦕꦧꦠꦒꦮ,racabatagawa,6,New Kramawirya
s_img_00070_aug2.png,ꦫꦕꦧꦠꦒꦮ,racabatagawa,6,New Kramawirya
s_img_00070_aug3.png,ꦫꦕꦧꦠꦒꦮ,racabatagawa,6,New Kramawirya
s_img_00712_aug1.png,ꦱꦛꦢꦗ,sathadaja,4,Noto Sans Javanese Bold
s_img_00712_aug2.png,ꦱꦛꦢꦗ,sathadaja,4,Noto Sans Javanese Bold
s_img_00712_aug3.png,ꦱꦛꦢꦗ,sathadaja,4,Noto Sans Javanese Bold
s_img_00351_aug1.png,ꦛꦪꦢ,thayada,3,Nyk Ngayogyan Jejeg
s_img_00351_aug2.png,ꦛꦪꦢ,thayada,3,Nyk Ngayogyan Jejeg
s_img_00351_aug3.png,ꦛꦪꦢ,thayada,3,Nyk Ngayogyan Jejeg
s_img_00179_aug1.png,ꦫꦧꦱꦏꦮ,rabasakawa,5,Noto Sans Javanese Bold
s_img_00179_aug2.png,ꦫꦧꦱꦏꦮ,rabasakawa,5,Noto Sans Javanese Bold
s_img_00179_aug3.png,ꦫꦧꦱꦏꦮ,rabasakawa,5,Noto Sans Javanese Bold
s_img_00104_aug1.png,ꦛꦔꦥꦚꦚ,thangapanyanya,5,Nawatura Beta
s_img_00104_aug2.png,ꦛꦔꦥꦚꦚ,thangapanyanya,5,Nawatura Beta
s_img_00104_aug3.png,ꦛꦔꦥꦚꦚ,thangapanyanya,5,Nawatura Beta
s_img_00617_aug1.png,ꦢꦮꦕꦝ,dawacadha,4,Tuladha Jejeg
s_img_00617_aug2.png,ꦢꦮꦕꦝ,dawacadha,4,Tuladha Jejeg
s_img_00617_aug3.png,ꦢꦮꦕꦝ,dawacadha,4,Tuladha Jejeg
s_img_00921_aug1.png,ꦧꦛꦢꦗꦗꦝ,bathadajajadha,6,New Kramawirya
s_img_00921_aug2.png,ꦧꦛꦢꦗꦗꦝ,bathadajajadha,6,New Kramawirya
s_img_00921_aug3.png,ꦧꦛꦢꦗꦗꦝ,bathadajajadha,6,New Kramawirya
s_img_01148_aug1.png,ꦤꦪꦭ,nayala,3,Nayaka New
s_img_01148_aug2.png,ꦤꦪꦭ,nayala,3,Nayaka New
s_img_01148_aug3.png,ꦤꦪꦭ,nayala,3,Nayaka New
s_img_00901_aug1.png,ꦛꦛꦝ,thathadha,3,Nyk Ngayogyan Jejeg
s_img_00901_aug2.png,ꦛꦛꦝ,thathadha,3,Nyk Ngayogyan Jejeg
s_img_00901_aug3.png,ꦛꦛꦝ,thathadha,3,Nyk Ngayogyan Jejeg
s_img_01107_aug1.png,ꦝꦫꦲꦭ,dharahala,4,Nyk Ngayogyan New Italic
s_img_01107_aug2.png,ꦝꦫꦲꦭ,dharahala,4,Nyk Ngayogyan New Italic
s_img_01107_aug3.png,ꦝꦫꦲꦭ,dharahala,4,Nyk Ngayogyan New Italic
s_img_00719_aug1.png,ꦚꦪꦢꦪꦩ,nyayadayama,5,Nyk Ngayogyan Jejeg
s_img_00719_aug2.png,ꦚꦪꦢꦪꦩ,nyayadayama,5,Nyk Ngayogyan Jejeg
s_img_00719_aug3.png,ꦚꦪꦢꦪꦩ,nyayadayama,5,Nyk Ngayogyan Jejeg
s_img_00071_aug1.png,ꦝꦕꦱ,dhacasa,3,CARAKAN JAWA
s_img_00071_aug2.png,ꦝꦕꦱ,dhacasa,3,CARAKAN JAWA
s_img_00071_aug3.png,ꦝꦕꦱ,dhacasa,3,CARAKAN JAWA
s_img_00151_aug1.png,ꦠꦝꦮꦥꦮ,tadhawapawa,5,Noto Sans Javanese Regular
s_img_00151_aug2.png,ꦠꦝꦮꦥꦮ,tadhawapawa,5,Noto Sans Javanese Regular
s_img_00151_aug3.png,ꦠꦝꦮꦥꦮ,tadhawapawa,5,Noto Sans Javanese Regular
s_img_00073_aug1.png,ꦔꦒꦲꦧ,ngagahaba,4,Gumregah New FULL
s_img_00073_aug2.png,ꦔꦒꦲꦧ,ngagahaba,4,Gumregah New FULL
s_img_00073_aug3.png,ꦔꦒꦲꦧ,ngagahaba,4,Gumregah New FULL
s_img_00526_aug1.png,ꦢꦕ,daca,2,CARAKAN JAWA
s_img_00526_aug2.png,ꦢꦕ,daca,2,CARAKAN JAWA
s_img_00526_aug3.png,ꦢꦕ,daca,2,CARAKAN JAWA
s_img_00602_aug1.png,ꦛꦝ,thadha,2,CARAKAN JAWA
s_img_00602_aug2.png,ꦛꦝ,thadha,2,CARAKAN JAWA
s_img_00602_aug3.png,ꦛꦝ,thadha,2,CARAKAN JAWA
s_img_00026_aug1.png,ꦗꦗ,jaja,2,Tuladha Jejeg
s_img_00026_aug2.png,ꦗꦗ,jaja,2,Tuladha Jejeg
s_img_00026_aug3.png,ꦗꦗ,jaja,2,Tuladha Jejeg
s_img_00862_aug1.png,ꦠꦠꦭꦚꦢꦕ,tatalanyadaca,6,Nyk Ngayogyan New Italic
s_img_00862_aug2.png,ꦠꦠꦭꦚꦢꦕ,tatalanyadaca,6,Nyk Ngayogyan New Italic
s_img_00862_aug3.png,ꦠꦠꦭꦚꦢꦕ,tatalanyadaca,6,Nyk Ngayogyan New Italic
s_img_01125_aug1.png,ꦔꦛꦔꦱ,ngathangasa,4,Gumregah New FULL
s_img_01125_aug2.png,ꦔꦛꦔꦱ,ngathangasa,4,Gumregah New FULL
s_img_01125_aug3.png,ꦔꦛꦔꦱ,ngathangasa,4,Gumregah New FULL
s_img_00868_aug1.png,ꦤꦔꦭꦩꦛꦧ,nangalamathaba,6,New Kramawirya
s_img_00868_aug2.png,ꦤꦔꦭꦩꦛꦧ,nangalamathaba,6,New Kramawirya
s_img_00868_aug3.png,ꦤꦔꦭꦩꦛꦧ,nangalamathaba,6,New Kramawirya
s_img_00492_aug1.png,ꦝꦗ,dhaja,2,Nawatura Beta
s_img_00492_aug2.png,ꦝꦗ,dhaja,2,Nawatura Beta
s_img_00492_aug3.png,ꦝꦗ,dhaja,2,Nawatura Beta
s_img_00900_aug1.png,ꦚꦥꦔꦭꦛ,nyapangalatha,5,Tuladha Jejeg
s_img_00900_aug2.png,ꦚꦥꦔꦭꦛ,nyapangalatha,5,Tuladha Jejeg
s_img_00900_aug3.png,ꦚꦥꦔꦭꦛ,nyapangalatha,5,Tuladha Jejeg
s_img_00898_aug1.png,ꦩꦥꦝꦏꦱꦫ,mapadhakasara,6,Nawatura Beta
s_img_00898_aug2.png,ꦩꦥꦝꦏꦱꦫ,mapadhakasara,6,Nawatura Beta
s_img_00898_aug3.png,ꦩꦥꦝꦏꦱꦫ,mapadhakasara,6,Nawatura Beta
s_img_00877_aug1.png,ꦭꦲꦒꦝꦒꦒ,lahagadhagaga,6,CARAKAN JAWA
s_img_00877_aug2.png,ꦭꦲꦒꦝꦒꦒ,lahagadhagaga,6,CARAKAN JAWA
s_img_00877_aug3.png,ꦭꦲꦒꦝꦒꦒ,lahagadhagaga,6,CARAKAN JAWA
s_img_00941_aug1.png,ꦔꦤꦧꦒꦫꦕ,nganabagaraca,6,CARAKAN JAWA
s_img_00941_aug2.png,ꦔꦤꦧꦒꦫꦕ,nganabagaraca,6,CARAKAN JAWA
s_img_00941_aug3.png,ꦔꦤꦧꦒꦫꦕ,nganabagaraca,6,CARAKAN JAWA
s_img_00785_aug1.png,ꦚꦏꦥꦢꦕꦩ,nyakapadacama,6,Nayaka New
s_img_00785_aug2.png,ꦚꦏꦥꦢꦕꦩ,nyakapadacama,6,Nayaka New
s_img_00785_aug3.png,ꦚꦏꦥꦢꦕꦩ,nyakapadacama,6,Nayaka New
s_img_00791_aug1.png,ꦲꦱ,hasa,2,CARAKAN JAWA
s_img_00791_aug2.png,ꦲꦱ,hasa,2,CARAKAN JAWA
s_img_00791_aug3.png,ꦲꦱ,hasa,2,CARAKAN JAWA
s_img_00475_aug1.png,ꦲꦠꦛꦕ,hatathaca,4,Nayaka New
s_img_00475_aug2.png,ꦲꦠꦛꦕ,hatathaca,4,Nayaka New
s_img_00475_aug3.png,ꦲꦠꦛꦕ,hatathaca,4,Nayaka New
s_img_00298_aug1.png,ꦲꦚꦕꦥꦛ,hanyacapatha,5,Tuladha Jejeg
s_img_00298_aug2.png,ꦲꦚꦕꦥꦛ,hanyacapatha,5,Tuladha Jejeg
s_img_00298_aug3.png,ꦲꦚꦕꦥꦛ,hanyacapatha,5,Tuladha Jejeg
s_img_01082_aug1.png,ꦩꦛꦫ,mathara,3,Nawatura Beta
s_img_01082_aug2.png,ꦩꦛꦫ,mathara,3,Nawatura Beta
s_img_01082_aug3.png,ꦩꦛꦫ,mathara,3,Nawatura Beta
s_img_01145_aug1.png,ꦝꦕꦒꦗꦒ,dhacagajaga,5,Noto Sans Javanese Bold
s_img_01145_aug2.png,ꦝꦕꦒꦗꦒ,dhacagajaga,5,Noto Sans Javanese Bold
s_img_01145_aug3.png,ꦝꦕꦒꦗꦒ,dhacagajaga,5,Noto Sans Javanese Bold
s_img_00864_aug1.png,ꦤꦪꦮꦧꦮ,nayawabawa,5,Tuladha Jejeg
s_img_00864_aug2.png,ꦤꦪꦮꦧꦮ,nayawabawa,5,Tuladha Jejeg
s_img_00864_aug3.png,ꦤꦪꦮꦧꦮ,nayawabawa,5,Tuladha Jejeg
s_img_00438_aug1.png,ꦧꦗꦗꦝꦏꦭ,bajajadhakala,6,Nayaka New
s_img_00438_aug2.png,ꦧꦗꦗꦝꦏꦭ,bajajadhakala,6,Nayaka New
s_img_00438_aug3.png,ꦧꦗꦗꦝꦏꦭ,bajajadhakala,6,Nayaka New
s_img_00013_aug1.png,ꦕꦱꦫꦗ,casaraja,4,Noto Sans Javanese Regular
s_img_00013_aug2.png,ꦕꦱꦫꦗ,casaraja,4,Noto Sans Javanese Regular
s_img_00013_aug3.png,ꦕꦱꦫꦗ,casaraja,4,Noto Sans Javanese Regular
s_img_00043_aug1.png,ꦤꦥ,napa,2,Noto Sans Javanese Regular
s_img_00043_aug2.png,ꦤꦥ,napa,2,Noto Sans Javanese Regular
s_img_00043_aug3.png,ꦤꦥ,napa,2,Noto Sans Javanese Regular
s_img_00389_aug1.png,ꦚꦚ,nyanya,2,Noto Sans Javanese Bold
s_img_00389_aug2.png,ꦚꦚ,nyanya,2,Noto Sans Javanese Bold
s_img_00389_aug3.png,ꦚꦚ,nyanya,2,Noto Sans Javanese Bold
s_img_00256_aug1.png,ꦝꦱ,dhasa,2,New Kramawirya
s_img_00256_aug2.png,ꦝꦱ,dhasa,2,New Kramawirya
s_img_00256_aug3.png,ꦝꦱ,dhasa,2,New Kramawirya
s_img_00357_aug1.png,ꦢꦚꦩꦢ,danyamada,4,Nyk Ngayogyan New Italic
s_img_00357_aug2.png,ꦢꦚꦩꦢ,danyamada,4,Nyk Ngayogyan New Italic
s_img_00357_aug3.png,ꦢꦚꦩꦢ,danyamada,4,Nyk Ngayogyan New Italic
s_img_00254_aug1.png,ꦏꦏꦧꦮ,kakabawa,4,Nawatura Beta
s_img_00254_aug2.png,ꦏꦏꦧꦮ,kakabawa,4,Nawatura Beta
s_img_00254_aug3.png,ꦏꦏꦧꦮ,kakabawa,4,Nawatura Beta
s_img_00234_aug1.png,ꦥꦪꦢꦠ,payadata,4,Noto Sans Javanese Regular
s_img_00234_aug2.png,ꦥꦪꦢꦠ,payadata,4,Noto Sans Javanese Regular
s_img_00234_aug3.png,ꦥꦪꦢꦠ,payadata,4,Noto Sans Javanese Regular
s_img_00398_aug1.png,ꦤꦲꦕꦤꦛꦮ,nahacanathawa,6,Gumregah New FULL
s_img_00398_aug2.png,ꦤꦲꦕꦤꦛꦮ,nahacanathawa,6,Gumregah New FULL
s_img_00398_aug3.png,ꦤꦲꦕꦤꦛꦮ,nahacanathawa,6,Gumregah New FULL
s_img_00018_aug1.png,ꦱꦤ,sana,2,Tuladha Jejeg
s_img_00018_aug2.png,ꦱꦤ,sana,2,Tuladha Jejeg
s_img_00018_aug3.png,ꦱꦤ,sana,2,Tuladha Jejeg
s_img_00948_aug1.png,ꦫꦒꦲꦗꦠꦥ,ragahajatapa,6,Nayaka New
s_img_00948_aug2.png,ꦫꦒꦲꦗꦠꦥ,ragahajatapa,6,Nayaka New
s_img_00948_aug3.png,ꦫꦒꦲꦗꦠꦥ,ragahajatapa,6,Nayaka New
s_img_00245_aug1.png,ꦫꦱ,rasa,2,Tuladha Jejeg
s_img_00245_aug2.png,ꦫꦱ,rasa,2,Tuladha Jejeg
s_img_00245_aug3.png,ꦫꦱ,rasa,2,Tuladha Jejeg
s_img_00863_aug1.png,ꦢꦒꦫ,dagara,3,Nyk Ngayogyan New Italic
s_img_00863_aug2.png,ꦢꦒꦫ,dagara,3,Nyk Ngayogyan New Italic
s_img_00863_aug3.png,ꦢꦒꦫ,dagara,3,Nyk Ngayogyan New Italic
s_img_00772_aug1.png,ꦒꦱꦤ,gasana,3,Noto Sans Javanese Regular
s_img_00772_aug2.png,ꦒꦱꦤ,gasana,3,Noto Sans Javanese Regular
s_img_00772_aug3.png,ꦒꦱꦤ,gasana,3,Noto Sans Javanese Regular
s_img_01044_aug1.png,ꦥꦲꦢꦮꦛ,pahadawatha,5,Nyk Ngayogyan Jejeg
s_img_01044_aug2.png,ꦥꦲꦢꦮꦛ,pahadawatha,5,Nyk Ngayogyan Jejeg
s_img_01044_aug3.png,ꦥꦲꦢꦮꦛ,pahadawatha,5,Nyk Ngayogyan Jejeg
s_img_00288_aug1.png,ꦪꦩꦔꦚꦪ,yamanganyaya,5,New Kramawirya
s_img_00288_aug2.png,ꦪꦩꦔꦚꦪ,yamanganyaya,5,New Kramawirya
s_img_00288_aug3.png,ꦪꦩꦔꦚꦪ,yamanganyaya,5,New Kramawirya
s_img_00085_aug1.png,ꦔꦏꦱꦢꦢ,ngakasadada,5,Nayaka New
s_img_00085_aug2.png,ꦔꦏꦱꦢꦢ,ngakasadada,5,Nayaka New
s_img_00085_aug3.png,ꦔꦏꦱꦢꦢ,ngakasadada,5,Nayaka New
s_img_00278_aug1.png,ꦝꦧ,dhaba,2,CARAKAN JAWA
s_img_00278_aug2.png,ꦝꦧ,dhaba,2,CARAKAN JAWA
s_img_00278_aug3.png,ꦝꦧ,dhaba,2,CARAKAN JAWA
s_img_00607_aug1.png,ꦱꦗꦩꦏ,sajamaka,4,New Kramawirya
s_img_00607_aug2.png,ꦱꦗꦩꦏ,sajamaka,4,New Kramawirya
s_img_00607_aug3.png,ꦱꦗꦩꦏ,sajamaka,4,New Kramawirya
s_img_01198_aug1.png,ꦧꦚꦤꦏ,banyanaka,4,Noto Sans Javanese Bold
s_img_01198_aug2.png,ꦧꦚꦤꦏ,banyanaka,4,Noto Sans Javanese Bold
s_img_01198_aug3.png,ꦧꦚꦤꦏ,banyanaka,4,Noto Sans Javanese Bold
s_img_01195_aug1.png,ꦫꦠꦧꦝꦧꦥ,ratabadhabapa,6,Nawatura Beta
s_img_01195_aug2.png,ꦫꦠꦧꦝꦧꦥ,ratabadhabapa,6,Nawatura Beta
s_img_01195_aug3.png,ꦫꦠꦧꦝꦧꦥ,ratabadhabapa,6,Nawatura Beta
s_img_00221_aug1.png,ꦢꦢꦕ,dadaca,3,Nawatura Beta
s_img_00221_aug2.png,ꦢꦢꦕ,dadaca,3,Nawatura Beta
s_img_00221_aug3.png,ꦢꦢꦕ,dadaca,3,Nawatura Beta
s_img_00685_aug1.png,ꦲꦕ,haca,2,Tuladha Jejeg
s_img_00685_aug2.png,ꦲꦕ,haca,2,Tuladha Jejeg
s_img_00685_aug3.png,ꦲꦕ,haca,2,Tuladha Jejeg
s_img_00214_aug1.png,ꦧꦗꦥꦩ,bajapama,4,Nyk Ngayogyan New Italic
s_img_00214_aug2.png,ꦧꦗꦥꦩ,bajapama,4,Nyk Ngayogyan New Italic
s_img_00214_aug3.png,ꦧꦗꦥꦩ,bajapama,4,Nyk Ngayogyan New Italic
s_img_00596_aug1.png,ꦛꦩꦧꦒꦫ,thamabagara,5,CARAKAN JAWA
s_img_00596_aug2.png,ꦛꦩꦧꦒꦫ,thamabagara,5,CARAKAN JAWA
s_img_00596_aug3.png,ꦛꦩꦧꦒꦫ,thamabagara,5,CARAKAN JAWA
s_img_00573_aug1.png,ꦕꦭꦤꦫ,calanara,4,Nayaka New
s_img_00573_aug2.png,ꦕꦭꦤꦫ,calanara,4,Nayaka New
s_img_00573_aug3.png,ꦕꦭꦤꦫ,calanara,4,Nayaka New
s_img_00023_aug1.png,ꦱꦏꦒꦩ,sakagama,4,Noto Sans Javanese Bold
s_img_00023_aug2.png,ꦱꦏꦒꦩ,sakagama,4,Noto Sans Javanese Bold
s_img_00023_aug3.png,ꦱꦏꦒꦩ,sakagama,4,Noto Sans Javanese Bold
s_img_00222_aug1.png,ꦗꦔꦱꦩꦛꦏ,jangasamathaka,6,Tuladha Jejeg
s_img_00222_aug2.png,ꦗꦔꦱꦩꦛꦏ,jangasamathaka,6,Tuladha Jejeg
s_img_00222_aug3.png,ꦗꦔꦱꦩꦛꦏ,jangasamathaka,6,Tuladha Jejeg
s_img_00137_aug1.png,ꦮꦝꦢꦔꦔ,wadhadanganga,5,Nyk Ngayogyan New Italic
s_img_00137_aug2.png,ꦮꦝꦢꦔꦔ,wadhadanganga,5,Nyk Ngayogyan New Italic
s_img_00137_aug3.png,ꦮꦝꦢꦔꦔ,wadhadanganga,5,Nyk Ngayogyan New Italic
s_img_00778_aug1.png,ꦮꦧꦢ,wabada,3,Gumregah New FULL
s_img_00778_aug2.png,ꦮꦧꦢ,wabada,3,Gumregah New FULL
s_img_00778_aug3.png,ꦮꦧꦢ,wabada,3,Gumregah New FULL
s_img_00839_aug1.png,ꦪꦫꦮ,yarawa,3,New Kramawirya
s_img_00839_aug2.png,ꦪꦫꦮ,yarawa,3,New Kramawirya
s_img_00839_aug3.png,ꦪꦫꦮ,yarawa,3,New Kramawirya
s_img_00069_aug1.png,ꦚꦔ,nyanga,2,New Kramawirya
s_img_00069_aug2.png,ꦚꦔ,nyanga,2,New Kramawirya
s_img_00069_aug3.png,ꦚꦔ,nyanga,2,New Kramawirya
s_img_00459_aug1.png,ꦚꦮꦥ,nyawapa,3,Noto Sans Javanese Bold
s_img_00459_aug2.png,ꦚꦮꦥ,nyawapa,3,Noto Sans Javanese Bold
s_img_00459_aug3.png,ꦚꦮꦥ,nyawapa,3,Noto Sans Javanese Bold
s_img_00621_aug1.png,ꦏꦛ,katha,2,Nyk Ngayogyan Jejeg
s_img_00621_aug2.png,ꦏꦛ,katha,2,Nyk Ngayogyan Jejeg
s_img_00621_aug3.png,ꦏꦛ,katha,2,Nyk Ngayogyan Jejeg
s_img_00750_aug1.png,ꦩꦮ,mawa,2,Nayaka New
s_img_00750_aug2.png,ꦩꦮ,mawa,2,Nayaka New
s_img_00750_aug3.png,ꦩꦮ,mawa,2,Nayaka New
s_img_01113_aug1.png,ꦭꦱꦒꦮ,lasagawa,4,Nyk Ngayogyan Jejeg
s_img_01113_aug2.png,ꦭꦱꦒꦮ,lasagawa,4,Nyk Ngayogyan Jejeg
s_img_01113_aug3.png,ꦭꦱꦒꦮ,lasagawa,4,Nyk Ngayogyan Jejeg
s_img_00945_aug1.png,ꦏꦮꦩꦱꦕ,kawamasaca,5,Nayaka New
s_img_00945_aug2.png,ꦏꦮꦩꦱꦕ,kawamasaca,5,Nayaka New
s_img_00945_aug3.png,ꦏꦮꦩꦱꦕ,kawamasaca,5,Nayaka New
s_img_00807_aug1.png,ꦫꦭꦫꦫꦩꦠ,ralararamata,6,Noto Sans Javanese Regular
s_img_00807_aug2.png,ꦫꦭꦫꦫꦩꦠ,ralararamata,6,Noto Sans Javanese Regular
s_img_00807_aug3.png,ꦫꦭꦫꦫꦩꦠ,ralararamata,6,Noto Sans Javanese Regular
s_img_00212_aug1.png,ꦚꦲꦏꦪꦏꦕ,nyahakayakaca,6,Gumregah New FULL
s_img_00212_aug2.png,ꦚꦲꦏꦪꦏꦕ,nyahakayakaca,6,Gumregah New FULL
s_img_00212_aug3.png,ꦚꦲꦏꦪꦏꦕ,nyahakayakaca,6,Gumregah New FULL
s_img_00959_aug1.png,ꦲꦠꦒꦭꦠ,hatagalata,5,Noto Sans Javanese Regular
s_img_00959_aug2.png,ꦲꦠꦒꦭꦠ,hatagalata,5,Noto Sans Javanese Regular
s_img_00959_aug3.png,ꦲꦠꦒꦭꦠ,hatagalata,5,Noto Sans Javanese Regular
s_img_00371_aug1.png,ꦝꦔ,dhanga,2,Tuladha Jejeg
s_img_00371_aug2.png,ꦝꦔ,dhanga,2,Tuladha Jejeg
s_img_00371_aug3.png,ꦝꦔ,dhanga,2,Tuladha Jejeg
s_img_00710_aug1.png,ꦫꦥꦭꦥꦏꦢ,rapalapakada,6,Nyk Ngayogyan New Italic
s_img_00710_aug2.png,ꦫꦥꦭꦥꦏꦢ,rapalapakada,6,Nyk Ngayogyan New Italic
s_img_00710_aug3.png,ꦫꦥꦭꦥꦏꦢ,rapalapakada,6,Nyk Ngayogyan New Italic
s_img_01002_aug1.png,ꦢꦭꦝꦥꦒꦩ,daladhapagama,6,Nyk Ngayogyan New Italic
s_img_01002_aug2.png,ꦢꦭꦝꦥꦒꦩ,daladhapagama,6,Nyk Ngayogyan New Italic
s_img_01002_aug3.png,ꦢꦭꦝꦥꦒꦩ,daladhapagama,6,Nyk Ngayogyan New Italic
s_img_00295_aug1.png,ꦏꦗꦧ,kajaba,3,Gumregah New FULL
s_img_00295_aug2.png,ꦏꦗꦧ,kajaba,3,Gumregah New FULL
s_img_00295_aug3.png,ꦏꦗꦧ,kajaba,3,Gumregah New FULL
s_img_00420_aug1.png,ꦥꦩꦒ,pamaga,3,Noto Sans Javanese Regular
s_img_00420_aug2.png,ꦥꦩꦒ,pamaga,3,Noto Sans Javanese Regular
s_img_00420_aug3.png,ꦥꦩꦒ,pamaga,3,Noto Sans Javanese Regular
s_img_00034_aug1.png,ꦱꦛ,satha,2,Nyk Ngayogyan New Italic
s_img_00034_aug2.png,ꦱꦛ,satha,2,Nyk Ngayogyan New Italic
s_img_00034_aug3.png,ꦱꦛ,satha,2,Nyk Ngayogyan New Italic
s_img_01160_aug1.png,ꦭꦥ,lapa,2,Tuladha Jejeg
s_img_01160_aug2.png,ꦭꦥ,lapa,2,Tuladha Jejeg
s_img_01160_aug3.png,ꦭꦥ,lapa,2,Tuladha Jejeg
s_img_00346_aug1.png,ꦱꦪ,saya,2,Noto Sans Javanese Regular
s_img_00346_aug2.png,ꦱꦪ,saya,2,Noto Sans Javanese Regular
s_img_00346_aug3.png,ꦱꦪ,saya,2,Noto Sans Javanese Regular
s_img_01192_aug1.png,ꦠꦠꦭꦮ,tatalawa,4,Nawatura Beta
s_img_01192_aug2.png,ꦠꦠꦭꦮ,tatalawa,4,Nawatura Beta
s_img_01192_aug3.png,ꦠꦠꦭꦮ,tatalawa,4,Nawatura Beta
s_img_00290_aug1.png,ꦫꦭꦛꦩꦒ,ralathamaga,5,Noto Sans Javanese Regular
s_img_00290_aug2.png,ꦫꦭꦛꦩꦒ,ralathamaga,5,Noto Sans Javanese Regular
s_img_00290_aug3.png,ꦫꦭꦛꦩꦒ,ralathamaga,5,Noto Sans Javanese Regular
s_img_00768_aug1.png,ꦠꦚꦭꦒ,tanyalaga,4,Nyk Ngayogyan Jejeg
s_img_00768_aug2.png,ꦠꦚꦭꦒ,tanyalaga,4,Nyk Ngayogyan Jejeg
s_img_00768_aug3.png,ꦠꦚꦭꦒ,tanyalaga,4,Nyk Ngayogyan Jejeg
s_img_00771_aug1.png,ꦮꦮꦭꦠ,wawalata,4,Nyk Ngayogyan Jejeg
s_img_00771_aug2.png,ꦮꦮꦭꦠ,wawalata,4,Nyk Ngayogyan Jejeg
s_img_00771_aug3.png,ꦮꦮꦭꦠ,wawalata,4,Nyk Ngayogyan Jejeg
s_img_00448_aug1.png,ꦧꦤꦢ,banada,3,Noto Sans Javanese Bold
s_img_00448_aug2.png,ꦧꦤꦢ,banada,3,Noto Sans Javanese Bold
s_img_00448_aug3.png,ꦧꦤꦢ,banada,3,Noto Sans Javanese Bold
s_img_00605_aug1.png,ꦪꦤꦮ,yanawa,3,Nawatura Beta
s_img_00605_aug2.png,ꦪꦤꦮ,yanawa,3,Nawatura Beta
s_img_00605_aug3.png,ꦪꦤꦮ,yanawa,3,Nawatura Beta
s_img_00903_aug1.png,ꦱꦪꦮ,sayawa,3,Nayaka New
s_img_00903_aug2.png,ꦱꦪꦮ,sayawa,3,Nayaka New
s_img_00903_aug3.png,ꦱꦪꦮ,sayawa,3,Nayaka New
s_img_01047_aug1.png,ꦔꦏꦝꦕꦱ,ngakadhacasa,5,CARAKAN JAWA
s_img_01047_aug2.png,ꦔꦏꦝꦕꦱ,ngakadhacasa,5,CARAKAN JAWA
s_img_01047_aug3.png,ꦔꦏꦝꦕꦱ,ngakadhacasa,5,CARAKAN JAWA
s_img_00047_aug1.png,ꦫꦪ,raya,2,Nyk Ngayogyan New Italic
s_img_00047_aug2.png,ꦫꦪ,raya,2,Nyk Ngayogyan New Italic
s_img_00047_aug3.png,ꦫꦪ,raya,2,Nyk Ngayogyan New Italic
s_img_00145_aug1.png,ꦥꦲꦪꦩꦫꦪ,pahayamaraya,6,Nawatura Beta
s_img_00145_aug2.png,ꦥꦲꦪꦩꦫꦪ,pahayamaraya,6,Nawatura Beta
s_img_00145_aug3.png,ꦥꦲꦪꦩꦫꦪ,pahayamaraya,6,Nawatura Beta
s_img_00150_aug1.png,ꦥꦲꦩꦥꦢ,pahamapada,5,CARAKAN JAWA
s_img_00150_aug2.png,ꦥꦲꦩꦥꦢ,pahamapada,5,CARAKAN JAWA
s_img_00150_aug3.png,ꦥꦲꦩꦥꦢ,pahamapada,5,CARAKAN JAWA
s_img_00276_aug1.png,ꦝꦫꦛꦒ,dharathaga,4,Nayaka New
s_img_00276_aug2.png,ꦝꦫꦛꦒ,dharathaga,4,Nayaka New
s_img_00276_aug3.png,ꦝꦫꦛꦒ,dharathaga,4,Nayaka New
s_img_00737_aug1.png,ꦪꦧꦩꦛꦱꦩ,yabamathasama,6,Nyk Ngayogyan Jejeg
s_img_00737_aug2.png,ꦪꦧꦩꦛꦱꦩ,yabamathasama,6,Nyk Ngayogyan Jejeg
s_img_00737_aug3.png,ꦪꦧꦩꦛꦱꦩ,yabamathasama,6,Nyk Ngayogyan Jejeg
s_img_00080_aug1.png,ꦪꦧꦲꦫꦕꦏ,yabaharacaka,6,Noto Sans Javanese Bold
s_img_00080_aug2.png,ꦪꦧꦲꦫꦕꦏ,yabaharacaka,6,Noto Sans Javanese Bold
s_img_00080_aug3.png,ꦪꦧꦲꦫꦕꦏ,yabaharacaka,6,Noto Sans Javanese Bold
s_img_00547_aug1.png,ꦛꦒꦢ,thagada,3,Gumregah New FULL
s_img_00547_aug2.png,ꦛꦒꦢ,thagada,3,Gumregah New FULL
s_img_00547_aug3.png,ꦛꦒꦢ,thagada,3,Gumregah New FULL
s_img_00558_aug1.png,ꦗꦮꦗꦝ,jawajadha,4,Tuladha Jejeg
s_img_00558_aug2.png,ꦗꦮꦗꦝ,jawajadha,4,Tuladha Jejeg
s_img_00558_aug3.png,ꦗꦮꦗꦝ,jawajadha,4,Tuladha Jejeg
s_img_00394_aug1.png,ꦧꦮꦏ,bawaka,3,New Kramawirya
s_img_00394_aug2.png,ꦧꦮꦏ,bawaka,3,New Kramawirya
s_img_00394_aug3.png,ꦧꦮꦏ,bawaka,3,New Kramawirya
s_img_00327_aug1.png,ꦩꦠꦱꦏ,matasaka,4,Nawatura Beta
s_img_00327_aug2.png,ꦩꦠꦱꦏ,matasaka,4,Nawatura Beta
s_img_00327_aug3.png,ꦩꦠꦱꦏ,matasaka,4,Nawatura Beta
s_img_00641_aug1.png,ꦧꦔꦏꦮꦕꦭ,bangakawacala,6,Nayaka New
s_img_00641_aug2.png,ꦧꦔꦏꦮꦕꦭ,bangakawacala,6,Nayaka New
s_img_00641_aug3.png,ꦧꦔꦏꦮꦕꦭ,bangakawacala,6,Nayaka New
s_img_00455_aug1.png,ꦠꦢꦔꦗꦪꦒ,tadangajayaga,6,Noto Sans Javanese Bold
s_img_00455_aug2.png,ꦠꦢꦔꦗꦪꦒ,tadangajayaga,6,Noto Sans Javanese Bold
s_img_00455_aug3.png,ꦠꦢꦔꦗꦪꦒ,tadangajayaga,6,Noto Sans Javanese Bold
s_img_00027_aug1.png,ꦚꦒꦮꦧꦲꦫ,nyagawabahara,6,CARAKAN JAWA
s_img_00027_aug2.png,ꦚꦒꦮꦧꦲꦫ,nyagawabahara,6,CARAKAN JAWA
s_img_00027_aug3.png,ꦚꦒꦮꦧꦲꦫ,nyagawabahara,6,CARAKAN JAWA
s_img_00546_aug1.png,ꦪꦗꦕꦧ,yajacaba,4,Gumregah New FULL
s_img_00546_aug2.png,ꦪꦗꦕꦧ,yajacaba,4,Gumregah New FULL
s_img_00546_aug3.png,ꦪꦗꦕꦧ,yajacaba,4,Gumregah New FULL
s_img_00433_aug1.png,ꦚꦧꦥ,nyabapa,3,Nayaka New
s_img_00433_aug2.png,ꦚꦧꦥ,nyabapa,3,Nayaka New
s_img_00433_aug3.png,ꦚꦧꦥ,nyabapa,3,Nayaka New
s_img_00224_aug1.png,ꦲꦚꦭꦧ,hanyalaba,4,CARAKAN JAWA
s_img_00224_aug2.png,ꦲꦚꦭꦧ,hanyalaba,4,CARAKAN JAWA
s_img_00224_aug3.png,ꦲꦚꦭꦧ,hanyalaba,4,CARAKAN JAWA
s_img_00231_aug1.png,ꦔꦮꦏ,ngawaka,3,CARAKAN JAWA
s_img_00231_aug2.png,ꦔꦮꦏ,ngawaka,3,CARAKAN JAWA
s_img_00231_aug3.png,ꦔꦮꦏ,ngawaka,3,CARAKAN JAWA
s_img_00502_aug1.png,ꦠꦫꦩ,tarama,3,Noto Sans Javanese Regular
s_img_00502_aug2.png,ꦠꦫꦩ,tarama,3,Noto Sans Javanese Regular
s_img_00502_aug3.png,ꦠꦫꦩ,tarama,3,Noto Sans Javanese Regular
s_img_00229_aug1.png,ꦮꦲꦛꦤꦔ,wahathananga,5,New Kramawirya
s_img_00229_aug2.png,ꦮꦲꦛꦤꦔ,wahathananga,5,New Kramawirya
s_img_00229_aug3.png,ꦮꦲꦛꦤꦔ,wahathananga,5,New Kramawirya
s_img_00576_aug1.png,ꦢꦥꦧꦪꦚꦱ,dapabayanyasa,6,CARAKAN JAWA
s_img_00576_aug2.png,ꦢꦥꦧꦪꦚꦱ,dapabayanyasa,6,CARAKAN JAWA
s_img_00576_aug3.png,ꦢꦥꦧꦪꦚꦱ,dapabayanyasa,6,CARAKAN JAWA
s_img_01027_aug1.png,ꦮꦕꦪ,wacaya,3,Tuladha Jejeg
s_img_01027_aug2.png,ꦮꦕꦪ,wacaya,3,Tuladha Jejeg
s_img_01027_aug3.png,ꦮꦕꦪ,wacaya,3,Tuladha Jejeg
s_img_00086_aug1.png,ꦲꦢꦥꦪꦱ,hadapayasa,5,Nyk Ngayogyan New Italic
s_img_00086_aug2.png,ꦲꦢꦥꦪꦱ,hadapayasa,5,Nyk Ngayogyan New Italic
s_img_00086_aug3.png,ꦲꦢꦥꦪꦱ,hadapayasa,5,Nyk Ngayogyan New Italic
s_img_00818_aug1.png,ꦮꦗꦩꦪꦢ,wajamayada,5,Noto Sans Javanese Regular
s_img_00818_aug2.png,ꦮꦗꦩꦪꦢ,wajamayada,5,Noto Sans Javanese Regular
s_img_00818_aug3.png,ꦮꦗꦩꦪꦢ,wajamayada,5,Noto Sans Javanese Regular
s_img_00329_aug1.png,ꦧꦒꦤꦥꦔꦏ,baganapangaka,6,CARAKAN JAWA
s_img_00329_aug2.png,ꦧꦒꦤꦥꦔꦏ,baganapangaka,6,CARAKAN JAWA
s_img_00329_aug3.png,ꦧꦒꦤꦥꦔꦏ,baganapangaka,6,CARAKAN JAWA
s_img_00474_aug1.png,ꦤꦧꦚꦭꦲꦗ,nabanyalahaja,6,New Kramawirya
s_img_00474_aug2.png,ꦤꦧꦚꦭꦲꦗ,nabanyalahaja,6,New Kramawirya
s_img_00474_aug3.png,ꦤꦧꦚꦭꦲꦗ,nabanyalahaja,6,New Kramawirya
s_img_00481_aug1.png,ꦏꦱꦲꦲꦭꦚ,kasahahalanya,6,CARAKAN JAWA
s_img_00481_aug2.png,ꦏꦱꦲꦲꦭꦚ,kasahahalanya,6,CARAKAN JAWA
s_img_00481_aug3.png,ꦏꦱꦲꦲꦭꦚ,kasahahalanya,6,CARAKAN JAWA
s_img_00384_aug1.png,ꦫꦠꦏ,rataka,3,Noto Sans Javanese Bold
s_img_00384_aug2.png,ꦫꦠꦏ,rataka,3,Noto Sans Javanese Bold
s_img_00384_aug3.png,ꦫꦠꦏ,rataka,3,Noto Sans Javanese Bold
s_img_00991_aug1.png,ꦝꦝꦗꦮꦚ,dhadhajawanya,5,Tuladha Jejeg
s_img_00991_aug2.png,ꦝꦝꦗꦮꦚ,dhadhajawanya,5,Tuladha Jejeg
s_img_00991_aug3.png,ꦝꦝꦗꦮꦚ,dhadhajawanya,5,Tuladha Jejeg
s_img_00456_aug1.png,ꦕꦗꦫꦢ,cajarada,4,Nayaka New
s_img_00456_aug2.png,ꦕꦗꦫꦢ,cajarada,4,Nayaka New
s_img_00456_aug3.png,ꦕꦗꦫꦢ,cajarada,4,Nayaka New
s_img_00751_aug1.png,ꦲꦥꦭꦭ,hapalala,4,Nawatura Beta
s_img_00751_aug2.png,ꦲꦥꦭꦭ,hapalala,4,Nawatura Beta
s_img_00751_aug3.png,ꦲꦥꦭꦭ,hapalala,4,Nawatura Beta
s_img_01183_aug1.png,ꦚꦭꦠꦒ,nyalataga,4,Nyk Ngayogyan Jejeg
s_img_01183_aug2.png,ꦚꦭꦠꦒ,nyalataga,4,Nyk Ngayogyan Jejeg
s_img_01183_aug3.png,ꦚꦭꦠꦒ,nyalataga,4,Nyk Ngayogyan Jejeg
s_img_00182_aug1.png,ꦚꦭ,nyala,2,Nyk Ngayogyan New Italic
s_img_00182_aug2.png,ꦚꦭ,nyala,2,Nyk Ngayogyan New Italic
s_img_00182_aug3.png,ꦚꦭ,nyala,2,Nyk Ngayogyan New Italic
s_img_00019_aug1.png,ꦗꦮꦕꦠ,jawacata,4,Noto Sans Javanese Bold
s_img_00019_aug2.png,ꦗꦮꦕꦠ,jawacata,4,Noto Sans Javanese Bold
s_img_00019_aug3.png,ꦗꦮꦕꦠ,jawacata,4,Noto Sans Javanese Bold
s_img_01061_aug1.png,ꦥꦫꦫꦒꦕ,pararagaca,5,Noto Sans Javanese Bold
s_img_01061_aug2.png,ꦥꦫꦫꦒꦕ,pararagaca,5,Noto Sans Javanese Bold
s_img_01061_aug3.png,ꦥꦫꦫꦒꦕ,pararagaca,5,Noto Sans Javanese Bold
s_img_00929_aug1.png,ꦛꦢꦪ,thadaya,3,Nawatura Beta
s_img_00929_aug2.png,ꦛꦢꦪ,thadaya,3,Nawatura Beta
s_img_00929_aug3.png,ꦛꦢꦪ,thadaya,3,Nawatura Beta
s_img_00343_aug1.png,ꦏꦩꦚꦔꦲ,kamanyangaha,5,Nawatura Beta
s_img_00343_aug2.png,ꦏꦩꦚꦔꦲ,kamanyangaha,5,Nawatura Beta
s_img_00343_aug3.png,ꦏꦩꦚꦔꦲ,kamanyangaha,5,Nawatura Beta
s_img_00923_aug1.png,ꦝꦝꦩꦩꦔ,dhadhamamanga,5,Nawatura Beta
s_img_00923_aug2.png,ꦝꦝꦩꦩꦔ,dhadhamamanga,5,Nawatura Beta
s_img_00923_aug3.png,ꦝꦝꦩꦩꦔ,dhadhamamanga,5,Nawatura Beta
s_img_00769_aug1.png,ꦗꦛꦫꦲꦒꦝ,jatharahagadha,6,Nyk Ngayogyan Jejeg
s_img_00769_aug2.png,ꦗꦛꦫꦲꦒꦝ,jatharahagadha,6,Nyk Ngayogyan Jejeg
s_img_00769_aug3.png,ꦗꦛꦫꦲꦒꦝ,jatharahagadha,6,Nyk Ngayogyan Jejeg
s_img_00703_aug1.png,ꦛꦏꦛꦠꦩꦧ,thakathatamaba,6,New Kramawirya
s_img_00703_aug2.png,ꦛꦏꦛꦠꦩꦧ,thakathatamaba,6,New Kramawirya
s_img_00703_aug3.png,ꦛꦏꦛꦠꦩꦧ,thakathatamaba,6,New Kramawirya
s_img_01162_aug1.png,ꦫꦮꦥ,rawapa,3,Tuladha Jejeg
s_img_01162_aug2.png,ꦫꦮꦥ,rawapa,3,Tuladha Jejeg
s_img_01162_aug3.png,ꦫꦮꦥ,rawapa,3,Tuladha Jejeg
s_img_00736_aug1.png,ꦪꦛꦱꦧꦤꦗ,yathasabanaja,6,Noto Sans Javanese Regular
s_img_00736_aug2.png,ꦪꦛꦱꦧꦤꦗ,yathasabanaja,6,Noto Sans Javanese Regular
s_img_00736_aug3.png,ꦪꦛꦱꦧꦤꦗ,yathasabanaja,6,Noto Sans Javanese Regular
s_img_00494_aug1.png,ꦧꦩꦱ,bamasa,3,Gumregah New FULL
s_img_00494_aug2.png,ꦧꦩꦱ,bamasa,3,Gumregah New FULL
s_img_00494_aug3.png,ꦧꦩꦱ,bamasa,3,Gumregah New FULL
s_img_00734_aug1.png,ꦮꦛꦤ,wathana,3,Gumregah New FULL
s_img_00734_aug2.png,ꦮꦛꦤ,wathana,3,Gumregah New FULL
s_img_00734_aug3.png,ꦮꦛꦤ,wathana,3,Gumregah New FULL
s_img_00317_aug1.png,ꦕꦒꦢꦤ,cagadana,4,Nyk Ngayogyan New Italic
s_img_00317_aug2.png,ꦕꦒꦢꦤ,cagadana,4,Nyk Ngayogyan New Italic
s_img_00317_aug3.png,ꦕꦒꦢꦤ,cagadana,4,Nyk Ngayogyan New Italic
s_img_00758_aug1.png,ꦚꦤ,nyana,2,CARAKAN JAWA
s_img_00758_aug2.png,ꦚꦤ,nyana,2,CARAKAN JAWA
s_img_00758_aug3.png,ꦚꦤ,nyana,2,CARAKAN JAWA
s_img_00645_aug1.png,ꦔꦔꦤꦭꦢ,nganganalada,5,Noto Sans Javanese Bold
s_img_00645_aug2.png,ꦔꦔꦤꦭꦢ,nganganalada,5,Noto Sans Javanese Bold
s_img_00645_aug3.png,ꦔꦔꦤꦭꦢ,nganganalada,5,Noto Sans Javanese Bold
s_img_01009_aug1.png,ꦢꦲꦏ,dahaka,3,Nawatura Beta
s_img_01009_aug2.png,ꦢꦲꦏ,dahaka,3,Nawatura Beta
s_img_01009_aug3.png,ꦢꦲꦏ,dahaka,3,Nawatura Beta
s_img_00946_aug1.png,ꦔꦧꦪꦮ,ngabayawa,4,Nawatura Beta
s_img_00946_aug2.png,ꦔꦧꦪꦮ,ngabayawa,4,Nawatura Beta
s_img_00946_aug3.png,ꦔꦧꦪꦮ,ngabayawa,4,Nawatura Beta
s_img_00401_aug1.png,ꦭꦩꦱꦗ,lamasaja,4,Gumregah New FULL
s_img_00401_aug2.png,ꦭꦩꦱꦗ,lamasaja,4,Gumregah New FULL
s_img_00401_aug3.png,ꦭꦩꦱꦗ,lamasaja,4,Gumregah New FULL
s_img_01167_aug1.png,ꦒꦩꦩꦢꦔ,gamamadanga,5,CARAKAN JAWA
s_img_01167_aug2.png,ꦒꦩꦩꦢꦔ,gamamadanga,5,CARAKAN JAWA
s_img_01167_aug3.png,ꦒꦩꦩꦢꦔ,gamamadanga,5,CARAKAN JAWA
s_img_00777_aug1.png,ꦭꦫꦩ,larama,3,Tuladha Jejeg
s_img_00777_aug2.png,ꦭꦫꦩ,larama,3,Tuladha Jejeg
s_img_00777_aug3.png,ꦭꦫꦩ,larama,3,Tuladha Jejeg
s_img_00982_aug1.png,ꦔꦥꦩꦛ,ngapamatha,4,Nawatura Beta
s_img_00982_aug2.png,ꦔꦥꦩꦛ,ngapamatha,4,Nawatura Beta
s_img_00982_aug3.png,ꦔꦥꦩꦛ,ngapamatha,4,Nawatura Beta
s_img_00404_aug1.png,ꦏꦥꦥꦝꦗꦏ,kapapadhajaka,6,Nyk Ngayogyan New Italic
s_img_00404_aug2.png,ꦏꦥꦥꦝꦗꦏ,kapapadhajaka,6,Nyk Ngayogyan New Italic
s_img_00404_aug3.png,ꦏꦥꦥꦝꦗꦏ,kapapadhajaka,6,Nyk Ngayogyan New Italic
s_img_01182_aug1.png,ꦩꦱ,masa,2,Nayaka New
s_img_01182_aug2.png,ꦩꦱ,masa,2,Nayaka New
s_img_01182_aug3.png,ꦩꦱ,masa,2,Nayaka New
s_img_00798_aug1.png,ꦱꦏꦠ,sakata,3,Noto Sans Javanese Regular
s_img_00798_aug2.png,ꦱꦏꦠ,sakata,3,Noto Sans Javanese Regular
s_img_00798_aug3.png,ꦱꦏꦠ,sakata,3,Noto Sans Javanese Regular
s_img_01157_aug1.png,ꦥꦕꦤꦫ,pacanara,4,Tuladha Jejeg
s_img_01157_aug2.png,ꦥꦕꦤꦫ,pacanara,4,Tuladha Jejeg
s_img_01157_aug3.png,ꦥꦕꦤꦫ,pacanara,4,Tuladha Jejeg
s_img_00021_aug1.png,ꦏꦱꦧꦧ,kasababa,4,Nyk Ngayogyan New Italic
s_img_00021_aug2.png,ꦏꦱꦧꦧ,kasababa,4,Nyk Ngayogyan New Italic
s_img_00021_aug3.png,ꦏꦱꦧꦧ,kasababa,4,Nyk Ngayogyan New Italic
s_img_00993_aug1.png,ꦫꦮꦱ,rawasa,3,Tuladha Jejeg
s_img_00993_aug2.png,ꦫꦮꦱ,rawasa,3,Tuladha Jejeg
s_img_00993_aug3.png,ꦫꦮꦱ,rawasa,3,Tuladha Jejeg
s_img_00988_aug1.png,ꦫꦥꦝꦔꦮꦢ,rapadhangawada,6,Tuladha Jejeg
s_img_00988_aug2.png,ꦫꦥꦝꦔꦮꦢ,rapadhangawada,6,Tuladha Jejeg
s_img_00988_aug3.png,ꦫꦥꦝꦔꦮꦢ,rapadhangawada,6,Tuladha Jejeg
s_img_00563_aug1.png,ꦧꦒꦪꦧꦤ,bagayabana,5,Nyk Ngayogyan New Italic
s_img_00563_aug2.png,ꦧꦒꦪꦧꦤ,bagayabana,5,Nyk Ngayogyan New Italic
s_img_00563_aug3.png,ꦧꦒꦪꦧꦤ,bagayabana,5,Nyk Ngayogyan New Italic
s_img_01069_aug1.png,ꦧꦧꦪ,babaya,3,Noto Sans Javanese Bold
s_img_01069_aug2.png,ꦧꦧꦪ,babaya,3,Noto Sans Javanese Bold
s_img_01069_aug3.png,ꦧꦧꦪ,babaya,3,Noto Sans Javanese Bold
s_img_00072_aug1.png,ꦭꦢꦚꦧ,ladanyaba,4,Nawatura Beta
s_img_00072_aug2.png,ꦭꦢꦚꦧ,ladanyaba,4,Nawatura Beta
s_img_00072_aug3.png,ꦭꦢꦚꦧ,ladanyaba,4,Nawatura Beta
s_img_01090_aug1.png,ꦏꦥꦕ,kapaca,3,CARAKAN JAWA
s_img_01090_aug2.png,ꦏꦥꦕ,kapaca,3,CARAKAN JAWA
s_img_01090_aug3.png,ꦏꦥꦕ,kapaca,3,CARAKAN JAWA
s_img_00268_aug1.png,ꦪꦚꦱ,yanyasa,3,Nawatura Beta
s_img_00268_aug2.png,ꦪꦚꦱ,yanyasa,3,Nawatura Beta
s_img_00268_aug3.png,ꦪꦚꦱ,yanyasa,3,Nawatura Beta
s_img_01045_aug1.png,ꦗꦱ,jasa,2,Noto Sans Javanese Regular
s_img_01045_aug2.png,ꦗꦱ,jasa,2,Noto Sans Javanese Regular
s_img_01045_aug3.png,ꦗꦱ,jasa,2,Noto Sans Javanese Regular
s_img_00975_aug1.png,ꦕꦧꦢꦩ,cabadama,4,Gumregah New FULL
s_img_00975_aug2.png,ꦕꦧꦢꦩ,cabadama,4,Gumregah New FULL
s_img_00975_aug3.png,ꦕꦧꦢꦩ,cabadama,4,Gumregah New FULL
s_img_00960_aug1.png,ꦔꦒ,ngaga,2,Tuladha Jejeg
s_img_00960_aug2.png,ꦔꦒ,ngaga,2,Tuladha Jejeg
s_img_00960_aug3.png,ꦔꦒ,ngaga,2,Tuladha Jejeg
s_img_00074_aug1.png,ꦫꦏꦮꦫ,rakawara,4,CARAKAN JAWA
s_img_00074_aug2.png,ꦫꦏꦮꦫ,rakawara,4,CARAKAN JAWA
s_img_00074_aug3.png,ꦫꦏꦮꦫ,rakawara,4,CARAKAN JAWA
s_img_00272_aug1.png,ꦕꦪ,caya,2,Nyk Ngayogyan Jejeg
s_img_00272_aug2.png,ꦕꦪ,caya,2,Nyk Ngayogyan Jejeg
s_img_00272_aug3.png,ꦕꦪ,caya,2,Nyk Ngayogyan Jejeg
s_img_00230_aug1.png,ꦭꦱꦔꦝꦱ,lasangadhasa,5,Nawatura Beta
s_img_00230_aug2.png,ꦭꦱꦔꦝꦱ,lasangadhasa,5,Nawatura Beta
s_img_00230_aug3.png,ꦭꦱꦔꦝꦱ,lasangadhasa,5,Nawatura Beta
s_img_00060_aug1.png,ꦥꦤ,pana,2,Nawatura Beta
s_img_00060_aug2.png,ꦥꦤ,pana,2,Nawatura Beta
s_img_00060_aug3.png,ꦥꦤ,pana,2,Nawatura Beta
s_img_00783_aug1.png,ꦒꦭꦪꦤꦏ,galayanaka,5,Tuladha Jejeg
s_img_00783_aug2.png,ꦒꦭꦪꦤꦏ,galayanaka,5,Tuladha Jejeg
s_img_00783_aug3.png,ꦒꦭꦪꦤꦏ,galayanaka,5,Tuladha Jejeg
s_img_00487_aug1.png,ꦒꦭꦱ,galasa,3,Tuladha Jejeg
s_img_00487_aug2.png,ꦒꦭꦱ,galasa,3,Tuladha Jejeg
s_img_00487_aug3.png,ꦒꦭꦱ,galasa,3,Tuladha Jejeg
s_img_00866_aug1.png,ꦥꦚ,panya,2,Nayaka New
s_img_00866_aug2.png,ꦥꦚ,panya,2,Nayaka New
s_img_00866_aug3.png,ꦥꦚ,panya,2,Nayaka New
s_img_00704_aug1.png,ꦢꦩꦤꦕ,damanaca,4,Nyk Ngayogyan Jejeg
s_img_00704_aug2.png,ꦢꦩꦤꦕ,damanaca,4,Nyk Ngayogyan Jejeg
s_img_00704_aug3.png,ꦢꦩꦤꦕ,damanaca,4,Nyk Ngayogyan Jejeg
s_img_01042_aug1.png,ꦒꦫꦮꦩꦭꦠ,garawamalata,6,Noto Sans Javanese Bold
s_img_01042_aug2.png,ꦒꦫꦮꦩꦭꦠ,garawamalata,6,Noto Sans Javanese Bold
s_img_01042_aug3.png,ꦒꦫꦮꦩꦭꦠ,garawamalata,6,Noto Sans Javanese Bold
s_img_01179_aug1.png,ꦛꦥꦝ,thapadha,3,Gumregah New FULL
s_img_01179_aug2.png,ꦛꦥꦝ,thapadha,3,Gumregah New FULL
s_img_01179_aug3.png,ꦛꦥꦝ,thapadha,3,Gumregah New FULL
s_img_01174_aug1.png,ꦥꦲꦫꦥꦥꦗ,paharapapaja,6,Tuladha Jejeg
s_img_01174_aug2.png,ꦥꦲꦫꦥꦥꦗ,paharapapaja,6,Tuladha Jejeg
s_img_01174_aug3.png,ꦥꦲꦫꦥꦥꦗ,paharapapaja,6,Tuladha Jejeg
s_img_00849_aug1.png,ꦒꦭꦧꦥꦧꦠ,galabapabata,6,Nayaka New
s_img_00849_aug2.png,ꦒꦭꦧꦥꦧꦠ,galabapabata,6,Nayaka New
s_img_00849_aug3.png,ꦒꦭꦧꦥꦧꦠ,galabapabata,6,Nayaka New
s_img_00745_aug1.png,ꦪꦫꦪꦏꦏꦛ,yarayakakatha,6,Nayaka New
s_img_00745_aug2.png,ꦪꦫꦪꦏꦏꦛ,yarayakakatha,6,Nayaka New
s_img_00745_aug3.png,ꦪꦫꦪꦏꦏꦛ,yarayakakatha,6,Nayaka New
s_img_00579_aug1.png,ꦠꦮꦕ,tawaca,3,Nyk Ngayogyan Jejeg
s_img_00579_aug2.png,ꦠꦮꦕ,tawaca,3,Nyk Ngayogyan Jejeg
s_img_00579_aug3.png,ꦠꦮꦕ,tawaca,3,Nyk Ngayogyan Jejeg
s_img_00721_aug1.png,ꦱꦢꦚꦕꦤꦭ,sadanyacanala,6,Noto Sans Javanese Regular
s_img_00721_aug2.png,ꦱꦢꦚꦕꦤꦭ,sadanyacanala,6,Noto Sans Javanese Regular
s_img_00721_aug3.png,ꦱꦢꦚꦕꦤꦭ,sadanyacanala,6,Noto Sans Javanese Regular
s_img_00808_aug1.png,ꦠꦮꦒꦠꦝꦪ,tawagatadhaya,6,New Kramawirya
s_img_00808_aug2.png,ꦠꦮꦒꦠꦝꦪ,tawagatadhaya,6,New Kramawirya
s_img_00808_aug3.png,ꦠꦮꦒꦠꦝꦪ,tawagatadhaya,6,New Kramawirya
s_img_00184_aug1.png,ꦔꦤ,ngana,2,Nayaka New
s_img_00184_aug2.png,ꦔꦤ,ngana,2,Nayaka New
s_img_00184_aug3.png,ꦔꦤ,ngana,2,Nayaka New
s_img_00752_aug1.png,ꦩꦫꦱꦏ,marasaka,4,Nyk Ngayogyan New Italic
s_img_00752_aug2.png,ꦩꦫꦱꦏ,marasaka,4,Nyk Ngayogyan New Italic
s_img_00752_aug3.png,ꦩꦫꦱꦏ,marasaka,4,Nyk Ngayogyan New Italic
s_img_00123_aug1.png,ꦛꦗ,thaja,2,Noto Sans Javanese Bold
s_img_00123_aug2.png,ꦛꦗ,thaja,2,Noto Sans Javanese Bold
s_img_00123_aug3.png,ꦛꦗ,thaja,2,Noto Sans Javanese Bold
s_img_00749_aug1.png,ꦔꦗꦤꦗꦥꦱ,ngajanajapasa,6,Tuladha Jejeg
s_img_00749_aug2.png,ꦔꦗꦤꦗꦥꦱ,ngajanajapasa,6,Tuladha Jejeg
s_img_00749_aug3.png,ꦔꦗꦤꦗꦥꦱ,ngajanajapasa,6,Tuladha Jejeg
s_img_00109_aug1.png,ꦔꦕꦚꦪꦛ,ngacanyayatha,5,Noto Sans Javanese Regular
s_img_00109_aug2.png,ꦔꦕꦚꦪꦛ,ngacanyayatha,5,Noto Sans Javanese Regular
s_img_00109_aug3.png,ꦔꦕꦚꦪꦛ,ngacanyayatha,5,Noto Sans Javanese Regular
s_img_00804_aug1.png,ꦠꦲꦭ,tahala,3,Noto Sans Javanese Bold
s_img_00804_aug2.png,ꦠꦲꦭ,tahala,3,Noto Sans Javanese Bold
s_img_00804_aug3.png,ꦠꦲꦭ,tahala,3,Noto Sans Javanese Bold
s_img_00183_aug1.png,ꦮꦒꦧꦩꦚ,wagabamanya,5,New Kramawirya
s_img_00183_aug2.png,ꦮꦒꦧꦩꦚ,wagabamanya,5,New Kramawirya
s_img_00183_aug3.png,ꦮꦒꦧꦩꦚ,wagabamanya,5,New Kramawirya
s_img_00372_aug1.png,ꦮꦤꦕꦗꦝ,wanacajadha,5,New Kramawirya
s_img_00372_aug2.png,ꦮꦤꦕꦗꦝ,wanacajadha,5,New Kramawirya
s_img_00372_aug3.png,ꦮꦤꦕꦗꦝ,wanacajadha,5,New Kramawirya
s_img_00050_aug1.png,ꦫꦱꦠꦠ,rasatata,4,CARAKAN JAWA
s_img_00050_aug2.png,ꦫꦱꦠꦠ,rasatata,4,CARAKAN JAWA
s_img_00050_aug3.png,ꦫꦱꦠꦠ,rasatata,4,CARAKAN JAWA
s_img_00155_aug1.png,ꦕꦭ,cala,2,Noto Sans Javanese Bold
s_img_00155_aug2.png,ꦕꦭ,cala,2,Noto Sans Javanese Bold
s_img_00155_aug3.png,ꦕꦭ,cala,2,Noto Sans Javanese Bold
s_img_00501_aug1.png,ꦠꦩꦠꦥꦭꦲ,tamatapalaha,6,Nyk Ngayogyan New Italic
s_img_00501_aug2.png,ꦠꦩꦠꦥꦭꦲ,tamatapalaha,6,Nyk Ngayogyan New Italic
s_img_00501_aug3.png,ꦠꦩꦠꦥꦭꦲ,tamatapalaha,6,Nyk Ngayogyan New Italic
s_img_01117_aug1.png,ꦔꦥꦚꦧ,ngapanyaba,4,CARAKAN JAWA
s_img_01117_aug2.png,ꦔꦥꦚꦧ,ngapanyaba,4,CARAKAN JAWA
s_img_01117_aug3.png,ꦔꦥꦚꦧ,ngapanyaba,4,CARAKAN JAWA
s_img_00803_aug1.png,ꦗꦫꦧꦮꦩ,jarabawama,5,New Kramawirya
s_img_00803_aug2.png,ꦗꦫꦧꦮꦩ,jarabawama,5,New Kramawirya
s_img_00803_aug3.png,ꦗꦫꦧꦮꦩ,jarabawama,5,New Kramawirya
s_img_00382_aug1.png,ꦕꦥꦝꦕꦧ,capadhacaba,5,New Kramawirya
s_img_00382_aug2.png,ꦕꦥꦝꦕꦧ,capadhacaba,5,New Kramawirya
s_img_00382_aug3.png,ꦕꦥꦝꦕꦧ,capadhacaba,5,New Kramawirya
s_img_00486_aug1.png,ꦚꦱꦧꦠꦤ,nyasabatana,5,Nawatura Beta
s_img_00486_aug2.png,ꦚꦱꦧꦠꦤ,nyasabatana,5,Nawatura Beta
s_img_00486_aug3.png,ꦚꦱꦧꦠꦤ,nyasabatana,5,Nawatura Beta
s_img_00408_aug1.png,ꦔꦪꦱꦢꦥ,ngayasadapa,5,Nayaka New
s_img_00408_aug2.png,ꦔꦪꦱꦢꦥ,ngayasadapa,5,Nayaka New
s_img_00408_aug3.png,ꦔꦪꦱꦢꦥ,ngayasadapa,5,Nayaka New
s_img_00822_aug1.png,ꦔꦲꦏꦩ,ngahakama,4,Nayaka New
s_img_00822_aug2.png,ꦔꦲꦏꦩ,ngahakama,4,Nayaka New
s_img_00822_aug3.png,ꦔꦲꦏꦩ,ngahakama,4,Nayaka New
s_img_01100_aug1.png,ꦫꦤ,rana,2,Tuladha Jejeg
s_img_01100_aug2.png,ꦫꦤ,rana,2,Tuladha Jejeg
s_img_01100_aug3.png,ꦫꦤ,rana,2,Tuladha Jejeg
s_img_01037_aug1.png,ꦤꦮꦗ,nawaja,3,CARAKAN JAWA
s_img_01037_aug2.png,ꦤꦮꦗ,nawaja,3,CARAKAN JAWA
s_img_01037_aug3.png,ꦤꦮꦗ,nawaja,3,CARAKAN JAWA
s_img_00659_aug1.png,ꦱꦒꦤ,sagana,3,Nyk Ngayogyan Jejeg
s_img_00659_aug2.png,ꦱꦒꦤ,sagana,3,Nyk Ngayogyan Jejeg
s_img_00659_aug3.png,ꦱꦒꦤ,sagana,3,Nyk Ngayogyan Jejeg
s_img_00364_aug1.png,ꦚꦗꦥꦢꦩ,nyajapadama,5,CARAKAN JAWA
s_img_00364_aug2.png,ꦚꦗꦥꦢꦩ,nyajapadama,5,CARAKAN JAWA
s_img_00364_aug3.png,ꦚꦗꦥꦢꦩ,nyajapadama,5,CARAKAN JAWA
s_img_00383_aug1.png,ꦭꦭꦢꦢꦝꦒ,laladadadhaga,6,Gumregah New FULL
s_img_00383_aug2.png,ꦭꦭꦢꦢꦝꦒ,laladadadhaga,6,Gumregah New FULL
s_img_00383_aug3.png,ꦭꦭꦢꦢꦝꦒ,laladadadhaga,6,Gumregah New FULL
s_img_00435_aug1.png,ꦧꦭꦱꦭ,balasala,4,New Kramawirya
s_img_00435_aug2.png,ꦧꦭꦱꦭ,balasala,4,New Kramawirya
s_img_00435_aug3.png,ꦧꦭꦱꦭ,balasala,4,New Kramawirya
s_img_00461_aug1.png,ꦱꦤꦫꦚ,sanaranya,4,Gumregah New FULL
s_img_00461_aug2.png,ꦱꦤꦫꦚ,sanaranya,4,Gumregah New FULL
s_img_00461_aug3.png,ꦱꦤꦫꦚ,sanaranya,4,Gumregah New FULL
s_img_00360_aug1.png,ꦭꦒꦗꦧ,lagajaba,4,Gumregah New FULL
s_img_00360_aug2.png,ꦭꦒꦗꦧ,lagajaba,4,Gumregah New FULL
s_img_00360_aug3.png,ꦭꦒꦗꦧ,lagajaba,4,Gumregah New FULL
s_img_00297_aug1.png,ꦗꦤ,jana,2,Nyk Ngayogyan Jejeg
s_img_00297_aug2.png,ꦗꦤ,jana,2,Nyk Ngayogyan Jejeg
s_img_00297_aug3.png,ꦗꦤ,jana,2,Nyk Ngayogyan Jejeg
s_img_00076_aug1.png,ꦮꦒꦩ,wagama,3,Noto Sans Javanese Regular
s_img_00076_aug2.png,ꦮꦒꦩ,wagama,3,Noto Sans Javanese Regular
s_img_00076_aug3.png,ꦮꦒꦩ,wagama,3,Noto Sans Javanese Regular
s_img_00658_aug1.png,ꦒꦤ,gana,2,Nawatura Beta
s_img_00658_aug2.png,ꦒꦤ,gana,2,Nawatura Beta
s_img_00658_aug3.png,ꦒꦤ,gana,2,Nawatura Beta
s_img_00042_aug1.png,ꦛꦱꦲ,thasaha,3,Tuladha Jejeg
s_img_00042_aug2.png,ꦛꦱꦲ,thasaha,3,Tuladha Jejeg
s_img_00042_aug3.png,ꦛꦱꦲ,thasaha,3,Tuladha Jejeg
s_img_00476_aug1.png,ꦪꦝ,yadha,2,Tuladha Jejeg
s_img_00476_aug2.png,ꦪꦝ,yadha,2,Tuladha Jejeg
s_img_00476_aug3.png,ꦪꦝ,yadha,2,Tuladha Jejeg
s_img_00385_aug1.png,ꦩꦲꦝ,mahadha,3,Noto Sans Javanese Regular
s_img_00385_aug2.png,ꦩꦲꦝ,mahadha,3,Noto Sans Javanese Regular
s_img_00385_aug3.png,ꦩꦲꦝ,mahadha,3,Noto Sans Javanese Regular
s_img_00664_aug1.png,ꦏꦲꦪ,kahaya,3,CARAKAN JAWA
s_img_00664_aug2.png,ꦏꦲꦪ,kahaya,3,CARAKAN JAWA
s_img_00664_aug3.png,ꦏꦲꦪ,kahaya,3,CARAKAN JAWA
s_img_00510_aug1.png,ꦗꦛꦱ,jathasa,3,CARAKAN JAWA
s_img_00510_aug2.png,ꦗꦛꦱ,jathasa,3,CARAKAN JAWA
s_img_00510_aug3.png,ꦗꦛꦱ,jathasa,3,CARAKAN JAWA
s_img_00084_aug1.png,ꦫꦝꦧ,radhaba,3,Tuladha Jejeg
s_img_00084_aug2.png,ꦫꦝꦧ,radhaba,3,Tuladha Jejeg
s_img_00084_aug3.png,ꦫꦝꦧ,radhaba,3,Tuladha Jejeg
s_img_00881_aug1.png,ꦫꦠꦧꦪꦕ,ratabayaca,5,Nyk Ngayogyan New Italic
s_img_00881_aug2.png,ꦫꦠꦧꦪꦕ,ratabayaca,5,Nyk Ngayogyan New Italic
s_img_00881_aug3.png,ꦫꦠꦧꦪꦕ,ratabayaca,5,Nyk Ngayogyan New Italic
s_img_00608_aug1.png,ꦮꦪꦗꦚꦕꦕ,wayajanyacaca,6,Nyk Ngayogyan New Italic
s_img_00608_aug2.png,ꦮꦪꦗꦚꦕꦕ,wayajanyacaca,6,Nyk Ngayogyan New Italic
s_img_00608_aug3.png,ꦮꦪꦗꦚꦕꦕ,wayajanyacaca,6,Nyk Ngayogyan New Italic
s_img_00919_aug1.png,ꦝꦗꦩꦚꦤꦤ,dhajamanyanana,6,Gumregah New FULL
s_img_00919_aug2.png,ꦝꦗꦩꦚꦤꦤ,dhajamanyanana,6,Gumregah New FULL
s_img_00919_aug3.png,ꦝꦗꦩꦚꦤꦤ,dhajamanyanana,6,Gumregah New FULL
s_img_00337_aug1.png,ꦕꦢꦮꦚ,cadawanya,4,Noto Sans Javanese Bold
s_img_00337_aug2.png,ꦕꦢꦮꦚ,cadawanya,4,Noto Sans Javanese Bold
s_img_00337_aug3.png,ꦕꦢꦮꦚ,cadawanya,4,Noto Sans Javanese Bold
s_img_00135_aug1.png,ꦱꦏꦩ,sakama,3,Nyk Ngayogyan New Italic
s_img_00135_aug2.png,ꦱꦏꦩ,sakama,3,Nyk Ngayogyan New Italic
s_img_00135_aug3.png,ꦱꦏꦩ,sakama,3,Nyk Ngayogyan New Italic
s_img_00508_aug1.png,ꦲꦮꦧ,hawaba,3,Nyk Ngayogyan Jejeg
s_img_00508_aug2.png,ꦲꦮꦧ,hawaba,3,Nyk Ngayogyan Jejeg
s_img_00508_aug3.png,ꦲꦮꦧ,hawaba,3,Nyk Ngayogyan Jejeg
s_img_00414_aug1.png,ꦤꦗꦤꦛ,najanatha,4,New Kramawirya
s_img_00414_aug2.png,ꦤꦗꦤꦛ,najanatha,4,New Kramawirya
s_img_00414_aug3.png,ꦤꦗꦤꦛ,najanatha,4,New Kramawirya
s_img_00213_aug1.png,ꦮꦥꦔꦗꦕ,wapangajaca,5,Tuladha Jejeg
s_img_00213_aug2.png,ꦮꦥꦔꦗꦕ,wapangajaca,5,Tuladha Jejeg
s_img_00213_aug3.png,ꦮꦥꦔꦗꦕ,wapangajaca,5,Tuladha Jejeg
s_img_00270_aug1.png,ꦪꦥꦮꦝ,yapawadha,4,New Kramawirya
s_img_00270_aug2.png,ꦪꦥꦮꦝ,yapawadha,4,New Kramawirya
s_img_00270_aug3.png,ꦪꦥꦮꦝ,yapawadha,4,New Kramawirya
s_img_00484_aug1.png,ꦱꦠ,sata,2,Noto Sans Javanese Regular
s_img_00484_aug2.png,ꦱꦠ,sata,2,Noto Sans Javanese Regular
s_img_00484_aug3.png,ꦱꦠ,sata,2,Noto Sans Javanese Regular
s_img_00711_aug1.png,ꦩꦥꦢꦧꦔ,mapadabanga,5,Nyk Ngayogyan Jejeg
s_img_00711_aug2.png,ꦩꦥꦢꦧꦔ,mapadabanga,5,Nyk Ngayogyan Jejeg
s_img_00711_aug3.png,ꦩꦥꦢꦧꦔ,mapadabanga,5,Nyk Ngayogyan Jejeg
s_img_00301_aug1.png,ꦕꦪꦫꦱ,cayarasa,4,Gumregah New FULL
s_img_00301_aug2.png,ꦕꦪꦫꦱ,cayarasa,4,Gumregah New FULL
s_img_00301_aug3.png,ꦕꦪꦫꦱ,cayarasa,4,Gumregah New FULL
s_img_00821_aug1.png,ꦛꦚꦢꦔꦗ,thanyadangaja,5,New Kramawirya
s_img_00821_aug2.png,ꦛꦚꦢꦔꦗ,thanyadangaja,5,New Kramawirya
s_img_00821_aug3.png,ꦛꦚꦢꦔꦗ,thanyadangaja,5,New Kramawirya
s_img_00007_aug1.png,ꦠꦥꦫ,tapara,3,Tuladha Jejeg
s_img_00007_aug2.png,ꦠꦥꦫ,tapara,3,Tuladha Jejeg
s_img_00007_aug3.png,ꦠꦥꦫ,tapara,3,Tuladha Jejeg
s_img_00732_aug1.png,ꦢꦝꦗꦝꦢ,dadhajadhada,5,Noto Sans Javanese Bold
s_img_00732_aug2.png,ꦢꦝꦗꦝꦢ,dadhajadhada,5,Noto Sans Javanese Bold
s_img_00732_aug3.png,ꦢꦝꦗꦝꦢ,dadhajadhada,5,Noto Sans Javanese Bold
s_img_00425_aug1.png,ꦛꦭꦲꦔꦩ,thalahangama,5,Noto Sans Javanese Bold
s_img_00425_aug2.png,ꦛꦭꦲꦔꦩ,thalahangama,5,Noto Sans Javanese Bold
s_img_00425_aug3.png,ꦛꦭꦲꦔꦩ,thalahangama,5,Noto Sans Javanese Bold
s_img_01094_aug1.png,ꦱꦱꦕꦮꦪꦥ,sasacawayapa,6,Noto Sans Javanese Bold
s_img_01094_aug2.png,ꦱꦱꦕꦮꦪꦥ,sasacawayapa,6,Noto Sans Javanese Bold
s_img_01094_aug3.png,ꦱꦱꦕꦮꦪꦥ,sasacawayapa,6,Noto Sans Javanese Bold
s_img_00683_aug1.png,ꦏꦠꦗ,kataja,3,Nayaka New
s_img_00683_aug2.png,ꦏꦠꦗ,kataja,3,Nayaka New
s_img_00683_aug3.png,ꦏꦠꦗ,kataja,3,Nayaka New
s_img_01169_aug1.png,ꦲꦚ,hanya,2,CARAKAN JAWA
s_img_01169_aug2.png,ꦲꦚ,hanya,2,CARAKAN JAWA
s_img_01169_aug3.png,ꦲꦚ,hanya,2,CARAKAN JAWA
s_img_00033_aug1.png,ꦲꦫꦝꦭꦱ,haradhalasa,5,New Kramawirya
s_img_00033_aug2.png,ꦲꦫꦝꦭꦱ,haradhalasa,5,New Kramawirya
s_img_00033_aug3.png,ꦲꦫꦝꦭꦱ,haradhalasa,5,New Kramawirya
s_img_00587_aug1.png,ꦢꦩꦧꦢꦧ,damabadaba,5,Nyk Ngayogyan Jejeg
s_img_00587_aug2.png,ꦢꦩꦧꦢꦧ,damabadaba,5,Nyk Ngayogyan Jejeg
s_img_00587_aug3.png,ꦢꦩꦧꦢꦧ,damabadaba,5,Nyk Ngayogyan Jejeg
s_img_00199_aug1.png,ꦕꦱꦫꦚꦫ,casaranyara,5,Noto Sans Javanese Bold
s_img_00199_aug2.png,ꦕꦱꦫꦚꦫ,casaranyara,5,Noto Sans Javanese Bold
s_img_00199_aug3.png,ꦕꦱꦫꦚꦫ,casaranyara,5,Noto Sans Javanese Bold
s_img_00279_aug1.png,ꦫꦮꦛꦱ,rawathasa,4,New Kramawirya
s_img_00279_aug2.png,ꦫꦮꦛꦱ,rawathasa,4,New Kramawirya
s_img_00279_aug3.png,ꦫꦮꦛꦱ,rawathasa,4,New Kramawirya
s_img_00615_aug1.png,ꦫꦢ,rada,2,CARAKAN JAWA
s_img_00615_aug2.png,ꦫꦢ,rada,2,CARAKAN JAWA
s_img_00615_aug3.png,ꦫꦢ,rada,2,CARAKAN JAWA
s_img_00809_aug1.png,ꦢꦤꦧꦩ,danabama,4,Nawatura Beta
s_img_00809_aug2.png,ꦢꦤꦧꦩ,danabama,4,Nawatura Beta
s_img_00809_aug3.png,ꦢꦤꦧꦩ,danabama,4,Nawatura Beta
s_img_00168_aug1.png,ꦕꦗ,caja,2,Nyk Ngayogyan New Italic
s_img_00168_aug2.png,ꦕꦗ,caja,2,Nyk Ngayogyan New Italic
s_img_00168_aug3.png,ꦕꦗ,caja,2,Nyk Ngayogyan New Italic
s_img_00424_aug1.png,ꦭꦩꦲꦝꦥꦫ,lamahadhapara,6,Nyk Ngayogyan New Italic
s_img_00424_aug2.png,ꦭꦩꦲꦝꦥꦫ,lamahadhapara,6,Nyk Ngayogyan New Italic
s_img_00424_aug3.png,ꦭꦩꦲꦝꦥꦫ,lamahadhapara,6,Nyk Ngayogyan New Italic
s_img_00300_aug1.png,ꦲꦥꦢꦔꦚ,hapadanganya,5,Noto Sans Javanese Regular
s_img_00300_aug2.png,ꦲꦥꦢꦔꦚ,hapadanganya,5,Noto Sans Javanese Regular
s_img_00300_aug3.png,ꦲꦥꦢꦔꦚ,hapadanganya,5,Noto Sans Javanese Regular
s_img_00507_aug1.png,ꦥꦠꦝꦥꦪ,patadhapaya,5,Nawatura Beta
s_img_00507_aug2.png,ꦥꦠꦝꦥꦪ,patadhapaya,5,Nawatura Beta
s_img_00507_aug3.png,ꦥꦠꦝꦥꦪ,patadhapaya,5,Nawatura Beta
s_img_01075_aug1.png,ꦗꦲꦤꦭꦔ,jahanalanga,5,CARAKAN JAWA
s_img_01075_aug2.png,ꦗꦲꦤꦭꦔ,jahanalanga,5,CARAKAN JAWA
s_img_01075_aug3.png,ꦗꦲꦤꦭꦔ,jahanalanga,5,CARAKAN JAWA
s_img_01144_aug1.png,ꦕꦫ,cara,2,Noto Sans Javanese Regular
s_img_01144_aug2.png,ꦕꦫ,cara,2,Noto Sans Javanese Regular
s_img_01144_aug3.png,ꦕꦫ,cara,2,Noto Sans Javanese Regular
s_img_00257_aug1.png,ꦥꦲꦢꦮꦤꦏ,pahadawanaka,6,Nyk Ngayogyan Jejeg
s_img_00257_aug2.png,ꦥꦲꦢꦮꦤꦏ,pahadawanaka,6,Nyk Ngayogyan Jejeg
s_img_00257_aug3.png,ꦥꦲꦢꦮꦤꦏ,pahadawanaka,6,Nyk Ngayogyan Jejeg
s_img_00575_aug1.png,ꦱꦒꦢ,sagada,3,New Kramawirya
s_img_00575_aug2.png,ꦱꦒꦢ,sagada,3,New Kramawirya
s_img_00575_aug3.png,ꦱꦒꦢ,sagada,3,New Kramawirya
s_img_01088_aug1.png,ꦚꦔꦛꦒꦕ,nyangathagaca,5,CARAKAN JAWA
s_img_01088_aug2.png,ꦚꦔꦛꦒꦕ,nyangathagaca,5,CARAKAN JAWA
s_img_01088_aug3.png,ꦚꦔꦛꦒꦕ,nyangathagaca,5,CARAKAN JAWA
s_img_00442_aug1.png,ꦏꦫꦔꦛ,karangatha,4,Nyk Ngayogyan Jejeg
s_img_00442_aug2.png,ꦏꦫꦔꦛ,karangatha,4,Nyk Ngayogyan Jejeg
s_img_00442_aug3.png,ꦏꦫꦔꦛ,karangatha,4,Nyk Ngayogyan Jejeg
s_img_01164_aug1.png,ꦩꦔ,manga,2,Nayaka New
s_img_01164_aug2.png,ꦩꦔ,manga,2,Nayaka New
s_img_01164_aug3.png,ꦩꦔ,manga,2,Nayaka New
s_img_00528_aug1.png,ꦩꦮꦤꦕꦮꦧ,mawanacawaba,6,Nawatura Beta
s_img_00528_aug2.png,ꦩꦮꦤꦕꦮꦧ,mawanacawaba,6,Nawatura Beta
s_img_00528_aug3.png,ꦩꦮꦤꦕꦮꦧ,mawanacawaba,6,Nawatura Beta
s_img_00044_aug1.png,ꦒꦱ,gasa,2,Noto Sans Javanese Regular
s_img_00044_aug2.png,ꦒꦱ,gasa,2,Noto Sans Javanese Regular
s_img_00044_aug3.png,ꦒꦱ,gasa,2,Noto Sans Javanese Regular
s_img_00713_aug1.png,ꦭꦏꦢꦲ,lakadaha,4,Noto Sans Javanese Regular
s_img_00713_aug2.png,ꦭꦏꦢꦲ,lakadaha,4,Noto Sans Javanese Regular
s_img_00713_aug3.png,ꦭꦏꦢꦲ,lakadaha,4,Noto Sans Javanese Regular
s_img_00670_aug1.png,ꦏꦗꦕꦛꦛꦤ,kajacathathana,6,Nyk Ngayogyan New Italic
s_img_00670_aug2.png,ꦏꦗꦕꦛꦛꦤ,kajacathathana,6,Nyk Ngayogyan New Italic
s_img_00670_aug3.png,ꦏꦗꦕꦛꦛꦤ,kajacathathana,6,Nyk Ngayogyan New Italic
s_img_00652_aug1.png,ꦮꦫꦛ,waratha,3,Nyk Ngayogyan New Italic
s_img_00652_aug2.png,ꦮꦫꦛ,waratha,3,Nyk Ngayogyan New Italic
s_img_00652_aug3.png,ꦮꦫꦛ,waratha,3,Nyk Ngayogyan New Italic
s_img_00499_aug1.png,ꦕꦧꦠꦤ,cabatana,4,Nayaka New
s_img_00499_aug2.png,ꦕꦧꦠꦤ,cabatana,4,Nayaka New
s_img_00499_aug3.png,ꦕꦧꦠꦤ,cabatana,4,Nayaka New
s_img_00981_aug1.png,ꦔꦲꦧꦤꦩ,ngahabanama,5,Nyk Ngayogyan New Italic
s_img_00981_aug2.png,ꦔꦲꦧꦤꦩ,ngahabanama,5,Nyk Ngayogyan New Italic
s_img_00981_aug3.png,ꦔꦲꦧꦤꦩ,ngahabanama,5,Nyk Ngayogyan New Italic
s_img_00961_aug1.png,ꦱꦔꦢꦤꦝꦱ,sangadanadhasa,6,Nayaka New
s_img_00961_aug2.png,ꦱꦔꦢꦤꦝꦱ,sangadanadhasa,6,Nayaka New
s_img_00961_aug3.png,ꦱꦔꦢꦤꦝꦱ,sangadanadhasa,6,Nayaka New
s_img_00759_aug1.png,ꦠꦮꦝꦚ,tawadhanya,4,Noto Sans Javanese Bold
s_img_00759_aug2.png,ꦠꦮꦝꦚ,tawadhanya,4,Noto Sans Javanese Bold
s_img_00759_aug3.png,ꦠꦮꦝꦚ,tawadhanya,4,Noto Sans Javanese Bold
s_img_00423_aug1.png,ꦒꦒꦧꦩ,gagabama,4,Noto Sans Javanese Bold
s_img_00423_aug2.png,ꦒꦒꦧꦩ,gagabama,4,Noto Sans Javanese Bold
s_img_00423_aug3.png,ꦒꦒꦧꦩ,gagabama,4,Noto Sans Javanese Bold
s_img_00978_aug1.png,ꦱꦮꦠ,sawata,3,Gumregah New FULL
s_img_00978_aug2.png,ꦱꦮꦠ,sawata,3,Gumregah New FULL
s_img_00978_aug3.png,ꦱꦮꦠ,sawata,3,Gumregah New FULL
s_img_01121_aug1.png,ꦧꦧ,baba,2,Nyk Ngayogyan New Italic
s_img_01121_aug2.png,ꦧꦧ,baba,2,Nyk Ngayogyan New Italic
s_img_01121_aug3.png,ꦧꦧ,baba,2,Nyk Ngayogyan New Italic
s_img_00403_aug1.png,ꦪꦩꦚꦠꦥ,yamanyatapa,5,Nyk Ngayogyan Jejeg
s_img_00403_aug2.png,ꦪꦩꦚꦠꦥ,yamanyatapa,5,Nyk Ngayogyan Jejeg
s_img_00403_aug3.png,ꦪꦩꦚꦠꦥ,yamanyatapa,5,Nyk Ngayogyan Jejeg
s_img_00574_aug1.png,ꦥꦫ,para,2,Nyk Ngayogyan New Italic
s_img_00574_aug2.png,ꦥꦫ,para,2,Nyk Ngayogyan New Italic
s_img_00574_aug3.png,ꦥꦫ,para,2,Nyk Ngayogyan New Italic
s_img_00437_aug1.png,ꦧꦮꦭꦫ,bawalara,4,Nyk Ngayogyan New Italic
s_img_00437_aug2.png,ꦧꦮꦭꦫ,bawalara,4,Nyk Ngayogyan New Italic
s_img_00437_aug3.png,ꦧꦮꦭꦫ,bawalara,4,Nyk Ngayogyan New Italic
s_img_00944_aug1.png,ꦗꦝꦛꦛꦫ,jadhathathara,5,CARAKAN JAWA
s_img_00944_aug2.png,ꦗꦝꦛꦛꦫ,jadhathathara,5,CARAKAN JAWA
s_img_00944_aug3.png,ꦗꦝꦛꦛꦫ,jadhathathara,5,CARAKAN JAWA
s_img_00631_aug1.png,ꦕꦱꦧꦔ,casabanga,4,CARAKAN JAWA
s_img_00631_aug2.png,ꦕꦱꦧꦔ,casabanga,4,CARAKAN JAWA
s_img_00631_aug3.png,ꦕꦱꦧꦔ,casabanga,4,CARAKAN JAWA
s_img_00570_aug1.png,ꦪꦕꦫꦏ,yacaraka,4,Noto Sans Javanese Bold
s_img_00570_aug2.png,ꦪꦕꦫꦏ,yacaraka,4,Noto Sans Javanese Bold
s_img_00570_aug3.png,ꦪꦕꦫꦏ,yacaraka,4,Noto Sans Javanese Bold
s_img_00825_aug1.png,ꦱꦥꦒꦒꦔꦫ,sapagagangara,6,Nyk Ngayogyan Jejeg
s_img_00825_aug2.png,ꦱꦥꦒꦒꦔꦫ,sapagagangara,6,Nyk Ngayogyan Jejeg
s_img_00825_aug3.png,ꦱꦥꦒꦒꦔꦫ,sapagagangara,6,Nyk Ngayogyan Jejeg
s_img_00068_aug1.png,ꦏꦭꦚꦥꦕ,kalanyapaca,5,Nyk Ngayogyan New Italic
s_img_00068_aug2.png,ꦏꦭꦚꦥꦕ,kalanyapaca,5,Nyk Ngayogyan New Italic
s_img_00068_aug3.png,ꦏꦭꦚꦥꦕ,kalanyapaca,5,Nyk Ngayogyan New Italic
s_img_00661_aug1.png,ꦧꦚ,banya,2,Nawatura Beta
s_img_00661_aug2.png,ꦧꦚ,banya,2,Nawatura Beta
s_img_00661_aug3.png,ꦧꦚ,banya,2,Nawatura Beta
s_img_00020_aug1.png,ꦥꦠꦩꦗꦚꦏ,patamajanyaka,6,New Kramawirya
s_img_00020_aug2.png,ꦥꦠꦩꦗꦚꦏ,patamajanyaka,6,New Kramawirya
s_img_00020_aug3.png,ꦥꦠꦩꦗꦚꦏ,patamajanyaka,6,New Kramawirya
s_img_00377_aug1.png,ꦕꦛꦏꦒꦝ,cathakagadha,5,Noto Sans Javanese Bold
s_img_00377_aug2.png,ꦕꦛꦏꦒꦝ,cathakagadha,5,Noto Sans Javanese Bold
s_img_00377_aug3.png,ꦕꦛꦏꦒꦝ,cathakagadha,5,Noto Sans Javanese Bold
s_img_00449_aug1.png,ꦢꦤꦗꦩꦢ,danajamada,5,Tuladha Jejeg
s_img_00449_aug2.png,ꦢꦤꦗꦩꦢ,danajamada,5,Tuladha Jejeg
s_img_00449_aug3.png,ꦢꦤꦗꦩꦢ,danajamada,5,Tuladha Jejeg
s_img_01170_aug1.png,ꦠꦔ,tanga,2,Nyk Ngayogyan New Italic
s_img_01170_aug2.png,ꦠꦔ,tanga,2,Nyk Ngayogyan New Italic
s_img_01170_aug3.png,ꦠꦔ,tanga,2,Nyk Ngayogyan New Italic
s_img_00990_aug1.png,ꦢꦩꦪꦠ,damayata,4,Tuladha Jejeg
s_img_00990_aug2.png,ꦢꦩꦪꦠ,damayata,4,Tuladha Jejeg
s_img_00990_aug3.png,ꦢꦩꦪꦠ,damayata,4,Tuladha Jejeg
s_img_00955_aug1.png,ꦥꦧꦔꦤꦢ,pabanganada,5,Nyk Ngayogyan Jejeg
s_img_00955_aug2.png,ꦥꦧꦔꦤꦢ,pabanganada,5,Nyk Ngayogyan Jejeg
s_img_00955_aug3.png,ꦥꦧꦔꦤꦢ,pabanganada,5,Nyk Ngayogyan Jejeg
s_img_00966_aug1.png,ꦛꦲꦮꦢꦪ,thahawadaya,5,Nyk Ngayogyan New Italic
s_img_00966_aug2.png,ꦛꦲꦮꦢꦪ,thahawadaya,5,Nyk Ngayogyan New Italic
s_img_00966_aug3.png,ꦛꦲꦮꦢꦪ,thahawadaya,5,Nyk Ngayogyan New Italic
s_img_00159_aug1.png,ꦫꦠꦥ,ratapa,3,Noto Sans Javanese Regular
s_img_00159_aug2.png,ꦫꦠꦥ,ratapa,3,Noto Sans Javanese Regular
s_img_00159_aug3.png,ꦫꦠꦥ,ratapa,3,Noto Sans Javanese Regular
s_img_00538_aug1.png,ꦱꦕꦕꦮ,sacacawa,4,Nyk Ngayogyan Jejeg
s_img_00538_aug2.png,ꦱꦕꦕꦮ,sacacawa,4,Nyk Ngayogyan Jejeg
s_img_00538_aug3.png,ꦱꦕꦕꦮ,sacacawa,4,Nyk Ngayogyan Jejeg
s_img_01118_aug1.png,ꦠꦏꦛ,takatha,3,Gumregah New FULL
s_img_01118_aug2.png,ꦠꦏꦛ,takatha,3,Gumregah New FULL
s_img_01118_aug3.png,ꦠꦏꦛ,takatha,3,Gumregah New FULL
s_img_00622_aug1.png,ꦒꦚꦲ,ganyaha,3,Tuladha Jejeg
s_img_00622_aug2.png,ꦒꦚꦲ,ganyaha,3,Tuladha Jejeg
s_img_00622_aug3.png,ꦒꦚꦲ,ganyaha,3,Tuladha Jejeg
s_img_00321_aug1.png,ꦫꦧꦗꦭ,rabajala,4,Nyk Ngayogyan Jejeg
s_img_00321_aug2.png,ꦫꦧꦗꦭ,rabajala,4,Nyk Ngayogyan Jejeg
s_img_00321_aug3.png,ꦫꦧꦗꦭ,rabajala,4,Nyk Ngayogyan Jejeg
s_img_00823_aug1.png,ꦫꦪꦚꦤꦕ,rayanyanaca,5,Nyk Ngayogyan New Italic
s_img_00823_aug2.png,ꦫꦪꦚꦤꦕ,rayanyanaca,5,Nyk Ngayogyan New Italic
s_img_00823_aug3.png,ꦫꦪꦚꦤꦕ,rayanyanaca,5,Nyk Ngayogyan New Italic
s_img_00117_aug1.png,ꦕꦭꦱꦮꦥ,calasawapa,5,Nyk Ngayogyan Jejeg
s_img_00117_aug2.png,ꦕꦭꦱꦮꦥ,calasawapa,5,Nyk Ngayogyan Jejeg
s_img_00117_aug3.png,ꦕꦭꦱꦮꦥ,calasawapa,5,Nyk Ngayogyan Jejeg
s_img_00856_aug1.png,ꦏꦤꦭꦠ,kanalata,4,CARAKAN JAWA
s_img_00856_aug2.png,ꦏꦤꦭꦠ,kanalata,4,CARAKAN JAWA
s_img_00856_aug3.png,ꦏꦤꦭꦠ,kanalata,4,CARAKAN JAWA
s_img_00400_aug1.png,ꦩꦧ,maba,2,Nyk Ngayogyan Jejeg
s_img_00400_aug2.png,ꦩꦧ,maba,2,Nyk Ngayogyan Jejeg
s_img_00400_aug3.png,ꦩꦧ,maba,2,Nyk Ngayogyan Jejeg
s_img_01178_aug1.png,ꦭꦛꦥꦧꦧꦲ,lathapababaha,6,Noto Sans Javanese Bold
s_img_01178_aug2.png,ꦭꦛꦥꦧꦧꦲ,lathapababaha,6,Noto Sans Javanese Bold
s_img_01178_aug3.png,ꦭꦛꦥꦧꦧꦲ,lathapababaha,6,Noto Sans Javanese Bold
s_img_00969_aug1.png,ꦛꦮꦚꦗꦛꦩ,thawanyajathama,6,Nyk Ngayogyan New Italic
s_img_00969_aug2.png,ꦛꦮꦚꦗꦛꦩ,thawanyajathama,6,Nyk Ngayogyan New Italic
s_img_00969_aug3.png,ꦛꦮꦚꦗꦛꦩ,thawanyajathama,6,Nyk Ngayogyan New Italic
s_img_00505_aug1.png,ꦚꦧꦝꦭꦮ,nyabadhalawa,5,Nyk Ngayogyan New Italic
s_img_00505_aug2.png,ꦚꦧꦝꦭꦮ,nyabadhalawa,5,Nyk Ngayogyan New Italic
s_img_00505_aug3.png,ꦚꦧꦝꦭꦮ,nyabadhalawa,5,Nyk Ngayogyan New Italic
s_img_00469_aug1.png,ꦛꦧꦏ,thabaka,3,CARAKAN JAWA
s_img_00469_aug2.png,ꦛꦧꦏ,thabaka,3,CARAKAN JAWA
s_img_00469_aug3.png,ꦛꦧꦏ,thabaka,3,CARAKAN JAWA
s_img_00334_aug1.png,ꦗꦒꦒꦪ,jagagaya,4,Nyk Ngayogyan Jejeg
s_img_00334_aug2.png,ꦗꦒꦒꦪ,jagagaya,4,Nyk Ngayogyan Jejeg
s_img_00334_aug3.png,ꦗꦒꦒꦪ,jagagaya,4,Nyk Ngayogyan Jejeg
s_img_00634_aug1.png,ꦗꦫꦱꦩꦔ,jarasamanga,5,Nawatura Beta
s_img_00634_aug2.png,ꦗꦫꦱꦩꦔ,jarasamanga,5,Nawatura Beta
s_img_00634_aug3.png,ꦗꦫꦱꦩꦔ,jarasamanga,5,Nawatura Beta
s_img_00402_aug1.png,ꦚꦕꦤꦢ,nyacanada,4,Gumregah New FULL
s_img_00402_aug2.png,ꦚꦕꦤꦢ,nyacanada,4,Gumregah New FULL
s_img_00402_aug3.png,ꦚꦕꦤꦢ,nyacanada,4,Gumregah New FULL
s_img_00416_aug1.png,ꦚꦧꦮꦔꦔꦫ,nyabawangangara,6,Nyk Ngayogyan Jejeg
s_img_00416_aug2.png,ꦚꦧꦮꦔꦔꦫ,nyabawangangara,6,Nyk Ngayogyan Jejeg
s_img_00416_aug3.png,ꦚꦧꦮꦔꦔꦫ,nyabawangangara,6,Nyk Ngayogyan Jejeg
s_img_00260_aug1.png,ꦱꦔꦤꦒꦭꦚ,sanganagalanya,6,CARAKAN JAWA
s_img_00260_aug2.png,ꦱꦔꦤꦒꦭꦚ,sanganagalanya,6,CARAKAN JAWA
s_img_00260_aug3.png,ꦱꦔꦤꦒꦭꦚ,sanganagalanya,6,CARAKAN JAWA
s_img_00147_aug1.png,ꦮꦔꦧꦩꦚꦪ,wangabamanyaya,6,Noto Sans Javanese Regular
s_img_00147_aug2.png,ꦮꦔꦧꦩꦚꦪ,wangabamanyaya,6,Noto Sans Javanese Regular
s_img_00147_aug3.png,ꦮꦔꦧꦩꦚꦪ,wangabamanyaya,6,Noto Sans Javanese Regular
s_img_00259_aug1.png,ꦒꦛꦫꦚ,gatharanya,4,Noto Sans Javanese Bold
s_img_00259_aug2.png,ꦒꦛꦫꦚ,gatharanya,4,Noto Sans Javanese Bold
s_img_00259_aug3.png,ꦒꦛꦫꦚ,gatharanya,4,Noto Sans Javanese Bold
s_img_01003_aug1.png,ꦕꦗꦔꦭꦚ,cajangalanya,5,Gumregah New FULL
s_img_01003_aug2.png,ꦕꦗꦔꦭꦚ,cajangalanya,5,Gumregah New FULL
s_img_01003_aug3.png,ꦕꦗꦔꦭꦚ,cajangalanya,5,Gumregah New FULL
s_img_00915_aug1.png,ꦢꦛꦛ,dathatha,3,Nyk Ngayogyan New Italic
s_img_00915_aug2.png,ꦢꦛꦛ,dathatha,3,Nyk Ngayogyan New Italic
s_img_00915_aug3.png,ꦢꦛꦛ,dathatha,3,Nyk Ngayogyan New Italic
s_img_00844_aug1.png,ꦪꦛꦩꦒꦢꦛ,yathamagadatha,6,Tuladha Jejeg
s_img_00844_aug2.png,ꦪꦛꦩꦒꦢꦛ,yathamagadatha,6,Tuladha Jejeg
s_img_00844_aug3.png,ꦪꦛꦩꦒꦢꦛ,yathamagadatha,6,Tuladha Jejeg
s_img_01128_aug1.png,ꦢꦗꦩꦩ,dajamama,4,CARAKAN JAWA
s_img_01128_aug2.png,ꦢꦗꦩꦩ,dajamama,4,CARAKAN JAWA
s_img_01128_aug3.png,ꦢꦗꦩꦩ,dajamama,4,CARAKAN JAWA
s_img_00345_aug1.png,ꦪꦫꦭꦱꦭꦫ,yaralasalara,6,New Kramawirya
s_img_00345_aug2.png,ꦪꦫꦭꦱꦭꦫ,yaralasalara,6,New Kramawirya
s_img_00345_aug3.png,ꦪꦫꦭꦱꦭꦫ,yaralasalara,6,New Kramawirya
s_img_01159_aug1.png,ꦧꦢꦚꦛꦝꦤ,badanyathadhana,6,Gumregah New FULL
s_img_01159_aug2.png,ꦧꦢꦚꦛꦝꦤ,badanyathadhana,6,Gumregah New FULL
s_img_01159_aug3.png,ꦧꦢꦚꦛꦝꦤ,badanyathadhana,6,Gumregah New FULL
s_img_00834_aug1.png,ꦧꦠꦚꦥꦝꦤ,batanyapadhana,6,Tuladha Jejeg
s_img_00834_aug2.png,ꦧꦠꦚꦥꦝꦤ,batanyapadhana,6,Tuladha Jejeg
s_img_00834_aug3.png,ꦧꦠꦚꦥꦝꦤ,batanyapadhana,6,Tuladha Jejeg
s_img_00637_aug1.png,ꦝꦧꦢꦩꦕ,dhabadamaca,5,Nayaka New
s_img_00637_aug2.png,ꦝꦧꦢꦩꦕ,dhabadamaca,5,Nayaka New
s_img_00637_aug3.png,ꦝꦧꦢꦩꦕ,dhabadamaca,5,Nayaka New
s_img_00859_aug1.png,ꦭꦤꦗꦗꦪꦥ,lanajajayapa,6,Tuladha Jejeg
s_img_00859_aug2.png,ꦭꦤꦗꦗꦪꦥ,lanajajayapa,6,Tuladha Jejeg
s_img_00859_aug3.png,ꦭꦤꦗꦗꦪꦥ,lanajajayapa,6,Tuladha Jejeg
s_img_00010_aug1.png,ꦧꦫꦗꦕꦧ,barajacaba,5,Noto Sans Javanese Bold
s_img_00010_aug2.png,ꦧꦫꦗꦕꦧ,barajacaba,5,Noto Sans Javanese Bold
s_img_00010_aug3.png,ꦧꦫꦗꦕꦧ,barajacaba,5,Noto Sans Javanese Bold
s_img_00131_aug1.png,ꦮꦪꦮꦕꦩ,wayawacama,5,Tuladha Jejeg
s_img_00131_aug2.png,ꦮꦪꦮꦕꦩ,wayawacama,5,Tuladha Jejeg
s_img_00131_aug3.png,ꦮꦪꦮꦕꦩ,wayawacama,5,Tuladha Jejeg
s_img_00269_aug1.png,ꦥꦚꦗꦪꦫ,panyajayara,5,Noto Sans Javanese Bold
s_img_00269_aug2.png,ꦥꦚꦗꦪꦫ,panyajayara,5,Noto Sans Javanese Bold
s_img_00269_aug3.png,ꦥꦚꦗꦪꦫ,panyajayara,5,Noto Sans Javanese Bold
s_img_00258_aug1.png,ꦒꦫꦕꦩꦚ,garacamanya,5,Tuladha Jejeg
s_img_00258_aug2.png,ꦒꦫꦕꦩꦚ,garacamanya,5,Tuladha Jejeg
s_img_00258_aug3.png,ꦒꦫꦕꦩꦚ,garacamanya,5,Tuladha Jejeg
s_img_00934_aug1.png,ꦲꦭꦕꦠꦚꦔ,halacatanyanga,6,CARAKAN JAWA
s_img_00934_aug2.png,ꦲꦭꦕꦠꦚꦔ,halacatanyanga,6,CARAKAN JAWA
s_img_00934_aug3.png,ꦲꦭꦕꦠꦚꦔ,halacatanyanga,6,CARAKAN JAWA
s_img_01059_aug1.png,ꦱꦥꦕꦧꦗꦠ,sapacabajata,6,Noto Sans Javanese Regular
s_img_01059_aug2.png,ꦱꦥꦕꦧꦗꦠ,sapacabajata,6,Noto Sans Javanese Regular
s_img_01059_aug3.png,ꦱꦥꦕꦧꦗꦠ,sapacabajata,6,Noto Sans Javanese Regular
s_img_00677_aug1.png,ꦫꦕꦢꦭ,racadala,4,Nawatura Beta
s_img_00677_aug2.png,ꦫꦕꦢꦭ,racadala,4,Nawatura Beta
s_img_00677_aug3.png,ꦫꦕꦢꦭ,racadala,4,Nawatura Beta
s_img_00280_aug1.png,ꦧꦔꦔꦧꦲ,bangangabaha,5,Nyk Ngayogyan Jejeg
s_img_00280_aug2.png,ꦧꦔꦔꦧꦲ,bangangabaha,5,Nyk Ngayogyan Jejeg
s_img_00280_aug3.png,ꦧꦔꦔꦧꦲ,bangangabaha,5,Nyk Ngayogyan Jejeg
s_img_00949_aug1.png,ꦝꦫꦏꦪꦛ,dharakayatha,5,Gumregah New FULL
s_img_00949_aug2.png,ꦝꦫꦏꦪꦛ,dharakayatha,5,Gumregah New FULL
s_img_00949_aug3.png,ꦝꦫꦏꦪꦛ,dharakayatha,5,Gumregah New FULL
s_img_00243_aug1.png,ꦪꦫꦏꦤ,yarakana,4,Nayaka New
s_img_00243_aug2.png,ꦪꦫꦏꦤ,yarakana,4,Nayaka New
s_img_00243_aug3.png,ꦪꦫꦏꦤ,yarakana,4,Nayaka New
s_img_00591_aug1.png,ꦏꦠꦗꦧꦒ,katajabaga,5,Nayaka New
s_img_00591_aug2.png,ꦏꦠꦗꦧꦒ,katajabaga,5,Nayaka New
s_img_00591_aug3.png,ꦏꦠꦗꦧꦒ,katajabaga,5,Nayaka New
s_img_00889_aug1.png,ꦕꦭꦚꦗꦗꦲ,calanyajajaha,6,Gumregah New FULL
s_img_00889_aug2.png,ꦕꦭꦚꦗꦗꦲ,calanyajajaha,6,Gumregah New FULL
s_img_00889_aug3.png,ꦕꦭꦚꦗꦗꦲ,calanyajajaha,6,Gumregah New FULL
s_img_01064_aug1.png,ꦒꦔꦛꦮꦤ,gangathawana,5,Nayaka New
s_img_01064_aug2.png,ꦒꦔꦛꦮꦤ,gangathawana,5,Nayaka New
s_img_01064_aug3.png,ꦒꦔꦛꦮꦤ,gangathawana,5,Nayaka New
s_img_00930_aug1.png,ꦛꦛꦢ,thathada,3,CARAKAN JAWA
s_img_00930_aug2.png,ꦛꦛꦢ,thathada,3,CARAKAN JAWA
s_img_00930_aug3.png,ꦛꦛꦢ,thathada,3,CARAKAN JAWA
s_img_00620_aug1.png,ꦠꦩ,tama,2,New Kramawirya
s_img_00620_aug2.png,ꦠꦩ,tama,2,New Kramawirya
s_img_00620_aug3.png,ꦠꦩ,tama,2,New Kramawirya
s_img_00696_aug1.png,ꦒꦥꦗꦮꦢꦲ,gapajawadaha,6,Noto Sans Javanese Regular
s_img_00696_aug2.png,ꦒꦥꦗꦮꦢꦲ,gapajawadaha,6,Noto Sans Javanese Regular
s_img_00696_aug3.png,ꦒꦥꦗꦮꦢꦲ,gapajawadaha,6,Noto Sans Javanese Regular
s_img_00157_aug1.png,ꦝꦩꦧꦒꦝꦪ,dhamabagadhaya,6,Tuladha Jejeg
s_img_00157_aug2.png,ꦝꦩꦧꦒꦝꦪ,dhamabagadhaya,6,Tuladha Jejeg
s_img_00157_aug3.png,ꦝꦩꦧꦒꦝꦪ,dhamabagadhaya,6,Tuladha Jejeg
s_img_00087_aug1.png,ꦢꦫꦗꦤ,darajana,4,Nayaka New
s_img_00087_aug2.png,ꦢꦫꦗꦤ,darajana,4,Nayaka New
s_img_00087_aug3.png,ꦢꦫꦗꦤ,darajana,4,Nayaka New
s_img_00675_aug1.png,ꦪꦫꦧꦝ,yarabadha,4,New Kramawirya
s_img_00675_aug2.png,ꦪꦫꦧꦝ,yarabadha,4,New Kramawirya
s_img_00675_aug3.png,ꦪꦫꦧꦝ,yarabadha,4,New Kramawirya
s_img_01120_aug1.png,ꦛꦢꦥ,thadapa,3,Nyk Ngayogyan Jejeg
s_img_01120_aug2.png,ꦛꦢꦥ,thadapa,3,Nyk Ngayogyan Jejeg
s_img_01120_aug3.png,ꦛꦢꦥ,thadapa,3,Nyk Ngayogyan Jejeg
s_img_00812_aug1.png,ꦭꦮꦚꦤꦫ,lawanyanara,5,New Kramawirya
s_img_00812_aug2.png,ꦭꦮꦚꦤꦫ,lawanyanara,5,New Kramawirya
s_img_00812_aug3.png,ꦭꦮꦚꦤꦫ,lawanyanara,5,New Kramawirya
s_img_00918_aug1.png,ꦝꦱꦤꦠ,dhasanata,4,Gumregah New FULL
s_img_00918_aug2.png,ꦝꦱꦤꦠ,dhasanata,4,Gumregah New FULL
s_img_00918_aug3.png,ꦝꦱꦤꦠ,dhasanata,4,Gumregah New FULL
s_img_00789_aug1.png,ꦪꦩꦗꦲꦤ,yamajahana,5,Noto Sans Javanese Regular
s_img_00789_aug2.png,ꦪꦩꦗꦲꦤ,yamajahana,5,Noto Sans Javanese Regular
s_img_00789_aug3.png,ꦪꦩꦗꦲꦤ,yamajahana,5,Noto Sans Javanese Regular
s_img_00636_aug1.png,ꦥꦏꦗꦛ,pakajatha,4,New Kramawirya
s_img_00636_aug2.png,ꦥꦏꦗꦛ,pakajatha,4,New Kramawirya
s_img_00636_aug3.png,ꦥꦏꦗꦛ,pakajatha,4,New Kramawirya
s_img_00264_aug1.png,ꦕꦏꦮ,cakawa,3,Gumregah New FULL
s_img_00264_aug2.png,ꦕꦏꦮ,cakawa,3,Gumregah New FULL
s_img_00264_aug3.png,ꦕꦏꦮ,cakawa,3,Gumregah New FULL
s_img_00001_aug1.png,ꦱꦏꦫ,sakara,3,Gumregah New FULL
s_img_00001_aug2.png,ꦱꦏꦫ,sakara,3,Gumregah New FULL
s_img_00001_aug3.png,ꦱꦏꦫ,sakara,3,Gumregah New FULL
s_img_00747_aug1.png,ꦝꦪꦮꦗꦩꦛ,dhayawajamatha,6,Nyk Ngayogyan New Italic
s_img_00747_aug2.png,ꦝꦪꦮꦗꦩꦛ,dhayawajamatha,6,Nyk Ngayogyan New Italic
s_img_00747_aug3.png,ꦝꦪꦮꦗꦩꦛ,dhayawajamatha,6,Nyk Ngayogyan New Italic
s_img_00603_aug1.png,ꦮꦔꦧꦢꦥꦭ,wangabadapala,6,New Kramawirya
s_img_00603_aug2.png,ꦮꦔꦧꦢꦥꦭ,wangabadapala,6,New Kramawirya
s_img_00603_aug3.png,ꦮꦔꦧꦢꦥꦭ,wangabadapala,6,New Kramawirya
s_img_00541_aug1.png,ꦚꦝꦮꦫ,nyadhawara,4,Gumregah New FULL
s_img_00541_aug2.png,ꦚꦝꦮꦫ,nyadhawara,4,Gumregah New FULL
s_img_00541_aug3.png,ꦚꦝꦮꦫ,nyadhawara,4,Gumregah New FULL
s_img_00216_aug1.png,ꦪꦫ,yara,2,Gumregah New FULL
s_img_00216_aug2.png,ꦪꦫ,yara,2,Gumregah New FULL
s_img_00216_aug3.png,ꦪꦫ,yara,2,Gumregah New FULL
s_img_00309_aug1.png,ꦛꦛꦚꦛꦔ,thathanyathanga,5,Nawatura Beta
s_img_00309_aug2.png,ꦛꦛꦚꦛꦔ,thathanyathanga,5,Nawatura Beta
s_img_00309_aug3.png,ꦛꦛꦚꦛꦔ,thathanyathanga,5,Nawatura Beta
s_img_01092_aug1.png,ꦏꦏꦩꦧꦠ,kakamabata,5,Nawatura Beta
s_img_01092_aug2.png,ꦏꦏꦩꦧꦠ,kakamabata,5,Nawatura Beta
s_img_01092_aug3.png,ꦏꦏꦩꦧꦠ,kakamabata,5,Nawatura Beta
s_img_01140_aug1.png,ꦔꦤꦒꦏ,nganagaka,4,CARAKAN JAWA
s_img_01140_aug2.png,ꦔꦤꦒꦏ,nganagaka,4,CARAKAN JAWA
s_img_01140_aug3.png,ꦔꦤꦒꦏ,nganagaka,4,CARAKAN JAWA
s_img_00521_aug1.png,ꦱꦠꦔ,satanga,3,Noto Sans Javanese Bold
s_img_00521_aug2.png,ꦱꦠꦔ,satanga,3,Noto Sans Javanese Bold
s_img_00521_aug3.png,ꦱꦠꦔ,satanga,3,Noto Sans Javanese Bold
s_img_00545_aug1.png,ꦕꦔꦔꦥꦗꦲ,cangangapajaha,6,Nawatura Beta
s_img_00545_aug2.png,ꦕꦔꦔꦥꦗꦲ,cangangapajaha,6,Nawatura Beta
s_img_00545_aug3.png,ꦕꦔꦔꦥꦗꦲ,cangangapajaha,6,Nawatura Beta
s_img_00518_aug1.png,ꦲꦲꦒꦮꦧ,hahagawaba,5,Tuladha Jejeg
s_img_00518_aug2.png,ꦲꦲꦒꦮꦧ,hahagawaba,5,Tuladha Jejeg
s_img_00518_aug3.png,ꦲꦲꦒꦮꦧ,hahagawaba,5,Tuladha Jejeg
s_img_00161_aug1.png,ꦠꦩꦮ,tamawa,3,New Kramawirya
s_img_00161_aug2.png,ꦠꦩꦮ,tamawa,3,New Kramawirya
s_img_00161_aug3.png,ꦠꦩꦮ,tamawa,3,New Kramawirya
s_img_00833_aug1.png,ꦧꦲꦕꦔꦔꦭ,bahacangangala,6,Nyk Ngayogyan New Italic
s_img_00833_aug2.png,ꦧꦲꦕꦔꦔꦭ,bahacangangala,6,Nyk Ngayogyan New Italic
s_img_00833_aug3.png,ꦧꦲꦕꦔꦔꦭ,bahacangangala,6,Nyk Ngayogyan New Italic
s_img_01197_aug1.png,ꦕꦭꦔ,calanga,3,Nayaka New
s_img_01197_aug2.png,ꦕꦭꦔ,calanga,3,Nayaka New
s_img_01197_aug3.png,ꦕꦭꦔ,calanga,3,Nayaka New
s_img_00233_aug1.png,ꦤꦛꦝꦏꦕ,nathadhakaca,5,Gumregah New FULL
s_img_00233_aug2.png,ꦤꦛꦝꦏꦕ,nathadhakaca,5,Gumregah New FULL
s_img_00233_aug3.png,ꦤꦛꦝꦏꦕ,nathadhakaca,5,Gumregah New FULL
s_img_01025_aug1.png,ꦱꦲꦧꦝꦠꦪ,sahabadhataya,6,Nayaka New
s_img_01025_aug2.png,ꦱꦲꦧꦝꦠꦪ,sahabadhataya,6,Nayaka New
s_img_01025_aug3.png,ꦱꦲꦧꦝꦠꦪ,sahabadhataya,6,Nayaka New
s_img_00740_aug1.png,ꦢꦠꦠ,datata,3,Noto Sans Javanese Regular
s_img_00740_aug2.png,ꦢꦠꦠ,datata,3,Noto Sans Javanese Regular
s_img_00740_aug3.png,ꦢꦠꦠ,datata,3,Noto Sans Javanese Regular
s_img_00523_aug1.png,ꦚꦛꦱꦱꦭ,nyathasasala,5,CARAKAN JAWA
s_img_00523_aug2.png,ꦚꦛꦱꦱꦭ,nyathasasala,5,CARAKAN JAWA
s_img_00523_aug3.png,ꦚꦛꦱꦱꦭ,nyathasasala,5,CARAKAN JAWA
s_img_00835_aug1.png,ꦚꦥꦧ,nyapaba,3,Nawatura Beta
s_img_00835_aug2.png,ꦚꦥꦧ,nyapaba,3,Nawatura Beta
s_img_00835_aug3.png,ꦚꦥꦧ,nyapaba,3,Nawatura Beta
s_img_00095_aug1.png,ꦗꦛ,jatha,2,Nayaka New
s_img_00095_aug2.png,ꦗꦛ,jatha,2,Nayaka New
s_img_00095_aug3.png,ꦗꦛ,jatha,2,Nayaka New
s_img_00079_aug1.png,ꦮꦢꦚ,wadanya,3,New Kramawirya
s_img_00079_aug2.png,ꦮꦢꦚ,wadanya,3,New Kramawirya
s_img_00079_aug3.png,ꦮꦢꦚ,wadanya,3,New Kramawirya
s_img_01015_aug1.png,ꦏꦒꦢ,kagada,3,Nawatura Beta
s_img_01015_aug2.png,ꦏꦒꦢ,kagada,3,Nawatura Beta
s_img_01015_aug3.png,ꦏꦒꦢ,kagada,3,Nawatura Beta
s_img_00454_aug1.png,ꦮꦢꦲꦥꦭ,wadahapala,5,Nawatura Beta
s_img_00454_aug2.png,ꦮꦢꦲꦥꦭ,wadahapala,5,Nawatura Beta
s_img_00454_aug3.png,ꦮꦢꦲꦥꦭ,wadahapala,5,Nawatura Beta
s_img_01049_aug1.png,ꦤꦤꦝꦏ,nanadhaka,4,Noto Sans Javanese Bold
s_img_01049_aug2.png,ꦤꦤꦝꦏ,nanadhaka,4,Noto Sans Javanese Bold
s_img_01049_aug3.png,ꦤꦤꦝꦏ,nanadhaka,4,Noto Sans Javanese Bold
s_img_00292_aug1.png,ꦲꦠ,hata,2,Nawatura Beta
s_img_00292_aug2.png,ꦲꦠ,hata,2,Nawatura Beta
s_img_00292_aug3.png,ꦲꦠ,hata,2,Nawatura Beta
s_img_00075_aug1.png,ꦭꦔꦠꦥ,langatapa,4,Nyk Ngayogyan New Italic
s_img_00075_aug2.png,ꦭꦔꦠꦥ,langatapa,4,Nyk Ngayogyan New Italic
s_img_00075_aug3.png,ꦭꦔꦠꦥ,langatapa,4,Nyk Ngayogyan New Italic
s_img_00514_aug1.png,ꦤꦲ,naha,2,Nyk Ngayogyan Jejeg
s_img_00514_aug2.png,ꦤꦲ,naha,2,Nyk Ngayogyan Jejeg
s_img_00514_aug3.png,ꦤꦲ,naha,2,Nyk Ngayogyan Jejeg
s_img_00287_aug1.png,ꦕꦮ,cawa,2,Noto Sans Javanese Bold
s_img_00287_aug2.png,ꦕꦮ,cawa,2,Noto Sans Javanese Bold
s_img_00287_aug3.png,ꦕꦮ,cawa,2,Noto Sans Javanese Bold
s_img_00170_aug1.png,ꦭꦕꦱꦫꦧꦪ,lacasarabaya,6,Noto Sans Javanese Regular
s_img_00170_aug2.png,ꦭꦕꦱꦫꦧꦪ,lacasarabaya,6,Noto Sans Javanese Regular
s_img_00170_aug3.png,ꦭꦕꦱꦫꦧꦪ,lacasarabaya,6,Noto Sans Javanese Regular
s_img_00519_aug1.png,ꦲꦒꦪꦢ,hagayada,4,Nayaka New
s_img_00519_aug2.png,ꦲꦒꦪꦢ,hagayada,4,Nayaka New
s_img_00519_aug3.png,ꦲꦒꦪꦢ,hagayada,4,Nayaka New
s_img_00790_aug1.png,ꦠꦝꦲꦥꦒꦠ,tadhahapagata,6,New Kramawirya
s_img_00790_aug2.png,ꦠꦝꦲꦥꦒꦠ,tadhahapagata,6,New Kramawirya
s_img_00790_aug3.png,ꦠꦝꦲꦥꦒꦠ,tadhahapagata,6,New Kramawirya
s_img_00884_aug1.png,ꦕꦛꦱꦮꦪꦗ,cathasawayaja,6,Gumregah New FULL
s_img_00884_aug2.png,ꦕꦛꦱꦮꦪꦗ,cathasawayaja,6,Gumregah New FULL
s_img_00884_aug3.png,ꦕꦛꦱꦮꦪꦗ,cathasawayaja,6,Gumregah New FULL
s_img_01066_aug1.png,ꦩꦕꦚ,macanya,3,Nyk Ngayogyan New Italic
s_img_01066_aug2.png,ꦩꦕꦚ,macanya,3,Nyk Ngayogyan New Italic
s_img_01066_aug3.png,ꦩꦕꦚ,macanya,3,Nyk Ngayogyan New Italic
s_img_00860_aug1.png,ꦤꦲꦮꦠꦔꦚ,nahawatanganya,6,Nyk Ngayogyan Jejeg
s_img_00860_aug2.png,ꦤꦲꦮꦠꦔꦚ,nahawatanganya,6,Nyk Ngayogyan Jejeg
s_img_00860_aug3.png,ꦤꦲꦮꦠꦔꦚ,nahawatanganya,6,Nyk Ngayogyan Jejeg
s_img_00784_aug1.png,ꦠꦥꦪ,tapaya,3,New Kramawirya
s_img_00784_aug2.png,ꦠꦥꦪ,tapaya,3,New Kramawirya
s_img_00784_aug3.png,ꦠꦥꦪ,tapaya,3,New Kramawirya
s_img_00851_aug1.png,ꦏꦢꦒꦧ,kadagaba,4,CARAKAN JAWA
s_img_00851_aug2.png,ꦏꦢꦒꦧ,kadagaba,4,CARAKAN JAWA
s_img_00851_aug3.png,ꦏꦢꦒꦧ,kadagaba,4,CARAKAN JAWA
s_img_00081_aug1.png,ꦤꦝꦛꦧꦏꦪ,nadhathabakaya,6,Noto Sans Javanese Bold
s_img_00081_aug2.png,ꦤꦝꦛꦧꦏꦪ,nadhathabakaya,6,Noto Sans Javanese Bold
s_img_00081_aug3.png,ꦤꦝꦛꦧꦏꦪ,nadhathabakaya,6,Noto Sans Javanese Bold
s_img_00450_aug1.png,ꦤꦲꦭꦛ,nahalatha,4,Noto Sans Javanese Regular
s_img_00450_aug2.png,ꦤꦲꦭꦛ,nahalatha,4,Noto Sans Javanese Regular
s_img_00450_aug3.png,ꦤꦲꦭꦛ,nahalatha,4,Noto Sans Javanese Regular
s_img_00640_aug1.png,ꦭꦒꦪꦪꦗꦕ,lagayayajaca,6,CARAKAN JAWA
s_img_00640_aug2.png,ꦭꦒꦪꦪꦗꦕ,lagayayajaca,6,CARAKAN JAWA
s_img_00640_aug3.png,ꦭꦒꦪꦪꦗꦕ,lagayayajaca,6,CARAKAN JAWA
s_img_00776_aug1.png,ꦒꦭꦢꦧ,galadaba,4,Nawatura Beta
s_img_00776_aug2.png,ꦒꦭꦢꦧ,galadaba,4,Nawatura Beta
s_img_00776_aug3.png,ꦒꦭꦢꦧ,galadaba,4,Nawatura Beta
s_img_00227_aug1.png,ꦩꦫꦱꦗꦛ,marasajatha,5,Nyk Ngayogyan New Italic
s_img_00227_aug2.png,ꦩꦫꦱꦗꦛ,marasajatha,5,Nyk Ngayogyan New Italic
s_img_00227_aug3.png,ꦩꦫꦱꦗꦛ,marasajatha,5,Nyk Ngayogyan New Italic
s_img_00190_aug1.png,ꦥꦥꦫꦢꦥ,paparadapa,5,Noto Sans Javanese Regular
s_img_00190_aug2.png,ꦥꦥꦫꦢꦥ,paparadapa,5,Noto Sans Javanese Regular
s_img_00190_aug3.png,ꦥꦥꦫꦢꦥ,paparadapa,5,Noto Sans Javanese Regular
s_img_00412_aug1.png,ꦩꦭꦧꦲꦫꦪ,malabaharaya,6,Nawatura Beta
s_img_00412_aug2.png,ꦩꦭꦧꦲꦫꦪ,malabaharaya,6,Nawatura Beta
s_img_00412_aug3.png,ꦩꦭꦧꦲꦫꦪ,malabaharaya,6,Nawatura Beta
s_img_00251_aug1.png,ꦔꦲꦤ,ngahana,3,New Kramawirya
s_img_00251_aug2.png,ꦔꦲꦤ,ngahana,3,New Kramawirya
s_img_00251_aug3.png,ꦔꦲꦤ,ngahana,3,New Kramawirya
s_img_01073_aug1.png,ꦪꦥꦔꦱꦛ,yapangasatha,5,Noto Sans Javanese Bold
s_img_01073_aug2.png,ꦪꦥꦔꦱꦛ,yapangasatha,5,Noto Sans Javanese Bold
s_img_01073_aug3.png,ꦪꦥꦔꦱꦛ,yapangasatha,5,Noto Sans Javanese Bold
s_img_00707_aug1.png,ꦏꦥꦢ,kapada,3,New Kramawirya
s_img_00707_aug2.png,ꦏꦥꦢ,kapada,3,New Kramawirya
s_img_00707_aug3.png,ꦏꦥꦢ,kapada,3,New Kramawirya
s_img_00274_aug1.png,ꦤꦛꦧꦧꦥꦫ,nathababapara,6,Nawatura Beta
s_img_00274_aug2.png,ꦤꦛꦧꦧꦥꦫ,nathababapara,6,Nawatura Beta
s_img_00274_aug3.png,ꦤꦛꦧꦧꦥꦫ,nathababapara,6,Nawatura Beta
s_img_01077_aug1.png,ꦲꦮꦧꦒ,hawabaga,4,CARAKAN JAWA
s_img_01077_aug2.png,ꦲꦮꦧꦒ,hawabaga,4,CARAKAN JAWA
s_img_01077_aug3.png,ꦲꦮꦧꦒ,hawabaga,4,CARAKAN JAWA
s_img_00148_aug1.png,ꦮꦥꦱꦕꦮꦚ,wapasacawanya,6,New Kramawirya
s_img_00148_aug2.png,ꦮꦥꦱꦕꦮꦚ,wapasacawanya,6,New Kramawirya
s_img_00148_aug3.png,ꦮꦥꦱꦕꦮꦚ,wapasacawanya,6,New Kramawirya
s_img_00600_aug1.png,ꦠꦛꦝ,tathadha,3,Noto Sans Javanese Regular
s_img_00600_aug2.png,ꦠꦛꦝ,tathadha,3,Noto Sans Javanese Regular
s_img_00600_aug3.png,ꦠꦛꦝ,tathadha,3,Noto Sans Javanese Regular
s_img_00976_aug1.png,ꦝꦠꦛꦮ,dhatathawa,4,Nyk Ngayogyan Jejeg
s_img_00976_aug2.png,ꦝꦠꦛꦮ,dhatathawa,4,Nyk Ngayogyan Jejeg
s_img_00976_aug3.png,ꦝꦠꦛꦮ,dhatathawa,4,Nyk Ngayogyan Jejeg
s_img_00902_aug1.png,ꦪꦢꦲꦥ,yadahapa,4,Nyk Ngayogyan Jejeg
s_img_00902_aug2.png,ꦪꦢꦲꦥ,yadahapa,4,Nyk Ngayogyan Jejeg
s_img_00902_aug3.png,ꦪꦢꦲꦥ,yadahapa,4,Nyk Ngayogyan Jejeg
s_img_00483_aug1.png,ꦏꦮꦠꦫ,kawatara,4,Noto Sans Javanese Regular
s_img_00483_aug2.png,ꦏꦮꦠꦫ,kawatara,4,Noto Sans Javanese Regular
s_img_00483_aug3.png,ꦏꦮꦠꦫ,kawatara,4,Noto Sans Javanese Regular
s_img_00285_aug1.png,ꦢꦝꦭꦥ,dadhalapa,4,Nawatura Beta
s_img_00285_aug2.png,ꦢꦝꦭꦥ,dadhalapa,4,Nawatura Beta
s_img_00285_aug3.png,ꦢꦝꦭꦥ,dadhalapa,4,Nawatura Beta
s_img_00134_aug1.png,ꦠꦲꦔ,tahanga,3,Noto Sans Javanese Bold
s_img_00134_aug2.png,ꦠꦲꦔ,tahanga,3,Noto Sans Javanese Bold
s_img_00134_aug3.png,ꦠꦲꦔ,tahanga,3,Noto Sans Javanese Bold
s_img_00490_aug1.png,ꦮꦤꦧꦛ,wanabatha,4,Tuladha Jejeg
s_img_00490_aug2.png,ꦮꦤꦧꦛ,wanabatha,4,Tuladha Jejeg
s_img_00490_aug3.png,ꦮꦤꦧꦛ,wanabatha,4,Tuladha Jejeg
s_img_00171_aug1.png,ꦔꦔꦱꦒꦗꦚ,ngangasagajanya,6,Nayaka New
s_img_00171_aug2.png,ꦔꦔꦱꦒꦗꦚ,ngangasagajanya,6,Nayaka New
s_img_00171_aug3.png,ꦔꦔꦱꦒꦗꦚ,ngangasagajanya,6,Nayaka New
s_img_00762_aug1.png,ꦢꦮꦕꦭ,dawacala,4,Noto Sans Javanese Regular
s_img_00762_aug2.png,ꦢꦮꦕꦭ,dawacala,4,Noto Sans Javanese Regular
s_img_00762_aug3.png,ꦢꦮꦕꦭ,dawacala,4,Noto Sans Javanese Regular
s_img_01191_aug1.png,ꦲꦛꦭꦠ,hathalata,4,CARAKAN JAWA
s_img_01191_aug2.png,ꦲꦛꦭꦠ,hathalata,4,CARAKAN JAWA
s_img_01191_aug3.png,ꦲꦛꦭꦠ,hathalata,4,CARAKAN JAWA
s_img_00431_aug1.png,ꦩꦤꦏꦒꦠꦧ,manakagataba,6,Nyk Ngayogyan New Italic
s_img_00431_aug2.png,ꦩꦤꦏꦒꦠꦧ,manakagataba,6,Nyk Ngayogyan New Italic
s_img_00431_aug3.png,ꦩꦤꦏꦒꦠꦧ,manakagataba,6,Nyk Ngayogyan New Italic
s_img_01035_aug1.png,ꦠꦥꦪꦭꦩ,tapayalama,5,Nawatura Beta
s_img_01035_aug2.png,ꦠꦥꦪꦭꦩ,tapayalama,5,Nawatura Beta
s_img_01035_aug3.png,ꦠꦥꦪꦭꦩ,tapayalama,5,Nawatura Beta
s_img_00029_aug1.png,ꦲꦮꦒꦢꦒ,hawagadaga,5,Nyk Ngayogyan Jejeg
s_img_00029_aug2.png,ꦲꦮꦒꦢꦒ,hawagadaga,5,Nyk Ngayogyan Jejeg
s_img_00029_aug3.png,ꦲꦮꦒꦢꦒ,hawagadaga,5,Nyk Ngayogyan Jejeg
s_img_00195_aug1.png,ꦔꦩꦚꦤ,ngamanyana,4,New Kramawirya
s_img_00195_aug2.png,ꦔꦩꦚꦤ,ngamanyana,4,New Kramawirya
s_img_00195_aug3.png,ꦔꦩꦚꦤ,ngamanyana,4,New Kramawirya
s_img_00098_aug1.png,ꦝꦪꦕ,dhayaca,3,Tuladha Jejeg
s_img_00098_aug2.png,ꦝꦪꦕ,dhayaca,3,Tuladha Jejeg
s_img_00098_aug3.png,ꦝꦪꦕ,dhayaca,3,Tuladha Jejeg
s_img_00870_aug1.png,ꦒꦕꦒ,gacaga,3,Nayaka New
s_img_00870_aug2.png,ꦒꦕꦒ,gacaga,3,Nayaka New
s_img_00870_aug3.png,ꦒꦕꦒ,gacaga,3,Nayaka New
s_img_00555_aug1.png,ꦭꦥꦔ,lapanga,3,Tuladha Jejeg
s_img_00555_aug2.png,ꦭꦥꦔ,lapanga,3,Tuladha Jejeg
s_img_00555_aug3.png,ꦭꦥꦔ,lapanga,3,Tuladha Jejeg
s_img_00165_aug1.png,ꦩꦫꦲ,maraha,3,Nyk Ngayogyan New Italic
s_img_00165_aug2.png,ꦩꦫꦲ,maraha,3,Nyk Ngayogyan New Italic
s_img_00165_aug3.png,ꦩꦫꦲ,maraha,3,Nyk Ngayogyan New Italic
s_img_00294_aug1.png,ꦫꦲꦩꦪ,rahamaya,4,New Kramawirya
s_img_00294_aug2.png,ꦫꦲꦩꦪ,rahamaya,4,New Kramawirya
s_img_00294_aug3.png,ꦫꦲꦩꦪ,rahamaya,4,New Kramawirya
s_img_00091_aug1.png,ꦗꦧꦥꦲꦫꦮ,jabapaharawa,6,Nyk Ngayogyan Jejeg
s_img_00091_aug2.png,ꦗꦧꦥꦲꦫꦮ,jabapaharawa,6,Nyk Ngayogyan Jejeg
s_img_00091_aug3.png,ꦗꦧꦥꦲꦫꦮ,jabapaharawa,6,Nyk Ngayogyan Jejeg
s_img_00127_aug1.png,ꦚꦏꦔ,nyakanga,3,Nawatura Beta
s_img_00127_aug2.png,ꦚꦏꦔ,nyakanga,3,Nawatura Beta
s_img_00127_aug3.png,ꦚꦏꦔ,nyakanga,3,Nawatura Beta
s_img_00325_aug1.png,ꦥꦏꦒꦕꦪ,pakagacaya,5,Nyk Ngayogyan New Italic
s_img_00325_aug2.png,ꦥꦏꦒꦕꦪ,pakagacaya,5,Nyk Ngayogyan New Italic
s_img_00325_aug3.png,ꦥꦏꦒꦕꦪ,pakagacaya,5,Nyk Ngayogyan New Italic
s_img_01084_aug1.png,ꦝꦪꦪꦫ,dhayayara,4,Nayaka New
s_img_01084_aug2.png,ꦝꦪꦪꦫ,dhayayara,4,Nayaka New
s_img_01084_aug3.png,ꦝꦪꦪꦫ,dhayayara,4,Nayaka New
s_img_00816_aug1.png,ꦝꦥ,dhapa,2,Nyk Ngayogyan New Italic
s_img_00816_aug2.png,ꦝꦥ,dhapa,2,Nyk Ngayogyan New Italic
s_img_00816_aug3.png,ꦝꦥ,dhapa,2,Nyk Ngayogyan New Italic
s_img_01161_aug1.png,ꦗꦕꦪꦧ,jacayaba,4,Nyk Ngayogyan Jejeg
s_img_01161_aug2.png,ꦗꦕꦪꦧ,jacayaba,4,Nyk Ngayogyan Jejeg
s_img_01161_aug3.png,ꦗꦕꦪꦧ,jacayaba,4,Nyk Ngayogyan Jejeg
s_img_00540_aug1.png,ꦝꦫꦕꦲ,dharacaha,4,Nawatura Beta
s_img_00540_aug2.png,ꦝꦫꦕꦲ,dharacaha,4,Nawatura Beta
s_img_00540_aug3.png,ꦝꦫꦕꦲ,dharacaha,4,Nawatura Beta
s_img_01021_aug1.png,ꦭꦝꦪꦮꦏ,ladhayawaka,5,CARAKAN JAWA
s_img_01021_aug2.png,ꦭꦝꦪꦮꦏ,ladhayawaka,5,CARAKAN JAWA
s_img_01021_aug3.png,ꦭꦝꦪꦮꦏ,ladhayawaka,5,CARAKAN JAWA
s_img_00662_aug1.png,ꦛꦭꦔꦱ,thalangasa,4,CARAKAN JAWA
s_img_00662_aug2.png,ꦛꦭꦔꦱ,thalangasa,4,CARAKAN JAWA
s_img_00662_aug3.png,ꦛꦭꦔꦱ,thalangasa,4,CARAKAN JAWA
s_img_00066_aug1.png,ꦕꦪꦛꦛꦒꦥ,cayathathagapa,6,New Kramawirya
s_img_00066_aug2.png,ꦕꦪꦛꦛꦒꦥ,cayathathagapa,6,New Kramawirya
s_img_00066_aug3.png,ꦕꦪꦛꦛꦒꦥ,cayathathagapa,6,New Kramawirya
s_img_00702_aug1.png,ꦝꦛꦲꦝ,dhathahadha,4,Nyk Ngayogyan Jejeg
s_img_00702_aug2.png,ꦝꦛꦲꦝ,dhathahadha,4,Nyk Ngayogyan Jejeg
s_img_00702_aug3.png,ꦝꦛꦲꦝ,dhathahadha,4,Nyk Ngayogyan Jejeg
s_img_00819_aug1.png,ꦏꦤ,kana,2,Nayaka New
s_img_00819_aug2.png,ꦏꦤ,kana,2,Nayaka New
s_img_00819_aug3.png,ꦏꦤ,kana,2,Nayaka New
s_img_00409_aug1.png,ꦥꦠꦢꦩꦒꦚ,patadamaganya,6,New Kramawirya
s_img_00409_aug2.png,ꦥꦠꦢꦩꦒꦚ,patadamaganya,6,New Kramawirya
s_img_00409_aug3.png,ꦥꦠꦢꦩꦒꦚ,patadamaganya,6,New Kramawirya
s_img_00806_aug1.png,ꦪꦫꦒ,yaraga,3,CARAKAN JAWA
s_img_00806_aug2.png,ꦪꦫꦒ,yaraga,3,CARAKAN JAWA
s_img_00806_aug3.png,ꦪꦫꦒ,yaraga,3,CARAKAN JAWA
s_img_00352_aug1.png,ꦒꦝ,gadha,2,Noto Sans Javanese Regular
s_img_00352_aug2.png,ꦒꦝ,gadha,2,Noto Sans Javanese Regular
s_img_00352_aug3.png,ꦒꦝ,gadha,2,Noto Sans Javanese Regular
s_img_00186_aug1.png,ꦛꦛꦲ,thathaha,3,CARAKAN JAWA
s_img_00186_aug2.png,ꦛꦛꦲ,thathaha,3,CARAKAN JAWA
s_img_00186_aug3.png,ꦛꦛꦲ,thathaha,3,CARAKAN JAWA
s_img_00722_aug1.png,ꦗꦢꦕ,jadaca,3,CARAKAN JAWA
s_img_00722_aug2.png,ꦗꦢꦕ,jadaca,3,CARAKAN JAWA
s_img_00722_aug3.png,ꦗꦢꦕ,jadaca,3,CARAKAN JAWA
s_img_00689_aug1.png,ꦲꦗꦪꦢꦝ,hajayadadha,5,Gumregah New FULL
s_img_00689_aug2.png,ꦲꦗꦪꦢꦝ,hajayadadha,5,Gumregah New FULL
s_img_00689_aug3.png,ꦲꦗꦪꦢꦝ,hajayadadha,5,Gumregah New FULL
s_img_00178_aug1.png,ꦕꦱꦮꦛꦠ,casawathata,5,Nayaka New
s_img_00178_aug2.png,ꦕꦱꦮꦛꦠ,casawathata,5,Nayaka New
s_img_00178_aug3.png,ꦕꦱꦮꦛꦠ,casawathata,5,Nayaka New
s_img_00927_aug1.png,ꦔꦫꦱꦪ,ngarasaya,4,Noto Sans Javanese Bold
s_img_00927_aug2.png,ꦔꦫꦱꦪ,ngarasaya,4,Noto Sans Javanese Bold
s_img_00927_aug3.png,ꦔꦫꦱꦪ,ngarasaya,4,Noto Sans Javanese Bold
s_img_00138_aug1.png,ꦢꦭ,dala,2,CARAKAN JAWA
s_img_00138_aug2.png,ꦢꦭ,dala,2,CARAKAN JAWA
s_img_00138_aug3.png,ꦢꦭ,dala,2,CARAKAN JAWA
s_img_00326_aug1.png,ꦝꦲꦝꦭꦢꦠ,dhahadhaladata,6,New Kramawirya
s_img_00326_aug2.png,ꦝꦲꦝꦭꦢꦠ,dhahadhaladata,6,New Kramawirya
s_img_00326_aug3.png,ꦝꦲꦝꦭꦢꦠ,dhahadhaladata,6,New Kramawirya
s_img_00511_aug1.png,ꦧꦥꦮꦩꦩ,bapawamama,5,Nyk Ngayogyan Jejeg
s_img_00511_aug2.png,ꦧꦥꦮꦩꦩ,bapawamama,5,Nyk Ngayogyan Jejeg
s_img_00511_aug3.png,ꦧꦥꦮꦩꦩ,bapawamama,5,Nyk Ngayogyan Jejeg
s_img_01043_aug1.png,ꦤꦠꦫꦱ,natarasa,4,Noto Sans Javanese Regular
s_img_01043_aug2.png,ꦤꦠꦫꦱ,natarasa,4,Noto Sans Javanese Regular
s_img_01043_aug3.png,ꦤꦠꦫꦱ,natarasa,4,Noto Sans Javanese Regular
s_img_00263_aug1.png,ꦥꦔ,panga,2,Gumregah New FULL
s_img_00263_aug2.png,ꦥꦔ,panga,2,Gumregah New FULL
s_img_00263_aug3.png,ꦥꦔ,panga,2,Gumregah New FULL
s_img_00261_aug1.png,ꦤꦩ,nama,2,Nayaka New
s_img_00261_aug2.png,ꦤꦩ,nama,2,Nayaka New
s_img_00261_aug3.png,ꦤꦩ,nama,2,Nayaka New
s_img_00440_aug1.png,ꦚꦮꦩꦠ,nyawamata,4,Nawatura Beta
s_img_00440_aug2.png,ꦚꦮꦩꦠ,nyawamata,4,Nawatura Beta
s_img_00440_aug3.png,ꦚꦮꦩꦠ,nyawamata,4,Nawatura Beta
s_img_00465_aug1.png,ꦝꦪꦧꦩꦧꦠ,dhayabamabata,6,Noto Sans Javanese Bold
s_img_00465_aug2.png,ꦝꦪꦧꦩꦧꦠ,dhayabamabata,6,Noto Sans Javanese Bold
s_img_00465_aug3.png,ꦝꦪꦧꦩꦧꦠ,dhayabamabata,6,Noto Sans Javanese Bold
s_img_00797_aug1.png,ꦢꦗꦲ,dajaha,3,Nawatura Beta
s_img_00797_aug2.png,ꦢꦗꦲ,dajaha,3,Nawatura Beta
s_img_00797_aug3.png,ꦢꦗꦲ,dajaha,3,Nawatura Beta
s_img_00196_aug1.png,ꦮꦧꦏ,wabaka,3,Tuladha Jejeg
s_img_00196_aug2.png,ꦮꦧꦏ,wabaka,3,Tuladha Jejeg
s_img_00196_aug3.png,ꦮꦧꦏ,wabaka,3,Tuladha Jejeg
s_img_01141_aug1.png,ꦚꦕꦒꦫꦢ,nyacagarada,5,Nayaka New
s_img_01141_aug2.png,ꦚꦕꦒꦫꦢ,nyacagarada,5,Nayaka New
s_img_01141_aug3.png,ꦚꦕꦒꦫꦢ,nyacagarada,5,Nayaka New
s_img_00656_aug1.png,ꦥꦱꦪ,pasaya,3,New Kramawirya
s_img_00656_aug2.png,ꦥꦱꦪ,pasaya,3,New Kramawirya
s_img_00656_aug3.png,ꦥꦱꦪ,pasaya,3,New Kramawirya
s_img_00972_aug1.png,ꦱꦥꦪ,sapaya,3,Nyk Ngayogyan New Italic
s_img_00972_aug2.png,ꦱꦥꦪ,sapaya,3,Nyk Ngayogyan New Italic
s_img_00972_aug3.png,ꦱꦥꦪ,sapaya,3,Nyk Ngayogyan New Italic
s_img_00992_aug1.png,ꦛꦏꦛ,thakatha,3,Nyk Ngayogyan Jejeg
s_img_00992_aug2.png,ꦛꦏꦛ,thakatha,3,Nyk Ngayogyan Jejeg
s_img_00992_aug3.png,ꦛꦏꦛ,thakatha,3,Nyk Ngayogyan Jejeg
s_img_01072_aug1.png,ꦝꦥꦧꦥꦝ,dhapabapadha,5,Gumregah New FULL
s_img_01072_aug2.png,ꦝꦥꦧꦥꦝ,dhapabapadha,5,Gumregah New FULL
s_img_01072_aug3.png,ꦝꦥꦧꦥꦝ,dhapabapadha,5,Gumregah New FULL
s_img_01193_aug1.png,ꦥꦚꦫꦮꦏꦢ,panyarawakada,6,Noto Sans Javanese Regular
s_img_01193_aug2.png,ꦥꦚꦫꦮꦏꦢ,panyarawakada,6,Noto Sans Javanese Regular
s_img_01193_aug3.png,ꦥꦚꦫꦮꦏꦢ,panyarawakada,6,Noto Sans Javanese Regular
s_img_01068_aug1.png,ꦗꦠꦠꦒꦱꦛ,jatatagasatha,6,Gumregah New FULL
s_img_01068_aug2.png,ꦗꦠꦠꦒꦱꦛ,jatatagasatha,6,Gumregah New FULL
s_img_01068_aug3.png,ꦗꦠꦠꦒꦱꦛ,jatatagasatha,6,Gumregah New FULL
s_img_00730_aug1.png,ꦕꦩꦫꦭ,camarala,4,Nyk Ngayogyan Jejeg
s_img_00730_aug2.png,ꦕꦩꦫꦭ,camarala,4,Nyk Ngayogyan Jejeg
s_img_00730_aug3.png,ꦕꦩꦫꦭ,camarala,4,Nyk Ngayogyan Jejeg
s_img_00598_aug1.png,ꦧꦠꦪꦫꦱ,batayarasa,5,Nyk Ngayogyan New Italic
s_img_00598_aug2.png,ꦧꦠꦪꦫꦱ,batayarasa,5,Nyk Ngayogyan New Italic
s_img_00598_aug3.png,ꦧꦠꦪꦫꦱ,batayarasa,5,Nyk Ngayogyan New Italic
s_img_00038_aug1.png,ꦒꦔꦪꦠ,gangayata,4,Tuladha Jejeg
s_img_00038_aug2.png,ꦒꦔꦪꦠ,gangayata,4,Tuladha Jejeg
s_img_00038_aug3.png,ꦒꦔꦪꦠ,gangayata,4,Tuladha Jejeg
s_img_00468_aug1.png,ꦧꦒ,baga,2,Nawatura Beta
s_img_00468_aug2.png,ꦧꦒ,baga,2,Nawatura Beta
s_img_00468_aug3.png,ꦧꦒ,baga,2,Nawatura Beta
s_img_00439_aug1.png,ꦭꦕ,laca,2,Nyk Ngayogyan Jejeg
s_img_00439_aug2.png,ꦭꦕ,laca,2,Nyk Ngayogyan Jejeg
s_img_00439_aug3.png,ꦭꦕ,laca,2,Nyk Ngayogyan Jejeg
s_img_00660_aug1.png,ꦕꦚꦭꦭꦥ,canyalalapa,5,Nayaka New
s_img_00660_aug2.png,ꦕꦚꦭꦭꦥ,canyalalapa,5,Nayaka New
s_img_00660_aug3.png,ꦕꦚꦭꦭꦥ,canyalalapa,5,Nayaka New
s_img_00156_aug1.png,ꦗꦱꦭ,jasala,3,Nayaka New
s_img_00156_aug2.png,ꦗꦱꦭ,jasala,3,Nayaka New
s_img_00156_aug3.png,ꦗꦱꦭ,jasala,3,Nayaka New
s_img_01038_aug1.png,ꦧꦩ,bama,2,CARAKAN JAWA
s_img_01038_aug2.png,ꦧꦩ,bama,2,CARAKAN JAWA
s_img_01038_aug3.png,ꦧꦩ,bama,2,CARAKAN JAWA
s_img_01052_aug1.png,ꦏꦮꦤꦩ,kawanama,4,CARAKAN JAWA
s_img_01052_aug2.png,ꦏꦮꦤꦩ,kawanama,4,CARAKAN JAWA
s_img_01052_aug3.png,ꦏꦮꦤꦩ,kawanama,4,CARAKAN JAWA
s_img_01111_aug1.png,ꦥꦩꦗꦢ,pamajada,4,Nawatura Beta
s_img_01111_aug2.png,ꦥꦩꦗꦢ,pamajada,4,Nawatura Beta
s_img_01111_aug3.png,ꦥꦩꦗꦢ,pamajada,4,Nawatura Beta
s_img_00124_aug1.png,ꦲꦝꦭꦗꦪ,hadhalajaya,5,Noto Sans Javanese Regular
s_img_00124_aug2.png,ꦲꦝꦭꦗꦪ,hadhalajaya,5,Noto Sans Javanese Regular
s_img_00124_aug3.png,ꦲꦝꦭꦗꦪ,hadhalajaya,5,Noto Sans Javanese Regular
s_img_00041_aug1.png,ꦛꦧ,thaba,2,Gumregah New FULL
s_img_00041_aug2.png,ꦛꦧ,thaba,2,Gumregah New FULL
s_img_00041_aug3.png,ꦛꦧ,thaba,2,Gumregah New FULL
s_img_00693_aug1.png,ꦩꦤꦕꦮꦗꦏ,manacawajaka,6,New Kramawirya
s_img_00693_aug2.png,ꦩꦤꦕꦮꦗꦏ,manacawajaka,6,New Kramawirya
s_img_00693_aug3.png,ꦩꦤꦕꦮꦗꦏ,manacawajaka,6,New Kramawirya
s_img_00987_aug1.png,ꦲꦲꦠꦗ,hahataja,4,Gumregah New FULL
s_img_00987_aug2.png,ꦲꦲꦠꦗ,hahataja,4,Gumregah New FULL
s_img_00987_aug3.png,ꦲꦲꦠꦗ,hahataja,4,Gumregah New FULL
s_img_00204_aug1.png,ꦲꦭꦭꦛ,halalatha,4,Noto Sans Javanese Bold
s_img_00204_aug2.png,ꦲꦭꦭꦛ,halalatha,4,Noto Sans Javanese Bold
s_img_00204_aug3.png,ꦲꦭꦭꦛ,halalatha,4,Noto Sans Javanese Bold
s_img_00698_aug1.png,ꦩꦒ,maga,2,Nawatura Beta
s_img_00698_aug2.png,ꦩꦒ,maga,2,Nawatura Beta
s_img_00698_aug3.png,ꦩꦒ,maga,2,Nawatura Beta
s_img_00628_aug1.png,ꦪꦔꦚ,yanganya,3,Noto Sans Javanese Bold
s_img_00628_aug2.png,ꦪꦔꦚ,yanganya,3,Noto Sans Javanese Bold
s_img_00628_aug3.png,ꦪꦔꦚ,yanganya,3,Noto Sans Javanese Bold
s_img_00464_aug1.png,ꦱꦱꦏꦩꦏꦚ,sasakamakanya,6,New Kramawirya
s_img_00464_aug2.png,ꦱꦱꦏꦩꦏꦚ,sasakamakanya,6,New Kramawirya
s_img_00464_aug3.png,ꦱꦱꦏꦩꦏꦚ,sasakamakanya,6,New Kramawirya
s_img_00478_aug1.png,ꦪꦢꦏꦪ,yadakaya,4,Noto Sans Javanese Regular
s_img_00478_aug2.png,ꦪꦢꦏꦪ,yadakaya,4,Noto Sans Javanese Regular
s_img_00478_aug3.png,ꦪꦢꦏꦪ,yadakaya,4,Noto Sans Javanese Regular
s_img_01166_aug1.png,ꦛꦔꦝꦏꦔꦛ,thangadhakangatha,6,Gumregah New FULL
s_img_01166_aug2.png,ꦛꦔꦝꦏꦔꦛ,thangadhakangatha,6,Gumregah New FULL
s_img_01166_aug3.png,ꦛꦔꦝꦏꦔꦛ,thangadhakangatha,6,Gumregah New FULL
s_img_01098_aug1.png,ꦔꦚꦔꦏ,nganyangaka,4,Nayaka New
s_img_01098_aug2.png,ꦔꦚꦔꦏ,nganyangaka,4,Nayaka New
s_img_01098_aug3.png,ꦔꦚꦔꦏ,nganyangaka,4,Nayaka New
s_img_00422_aug1.png,ꦥꦢꦗꦔꦭꦛ,padajangalatha,6,Noto Sans Javanese Regular
s_img_00422_aug2.png,ꦥꦢꦗꦔꦭꦛ,padajangalatha,6,Noto Sans Javanese Regular
s_img_00422_aug3.png,ꦥꦢꦗꦔꦭꦛ,padajangalatha,6,Noto Sans Javanese Regular
s_img_00963_aug1.png,ꦠꦒꦲꦕꦕꦧ,tagahacacaba,6,New Kramawirya
s_img_00963_aug2.png,ꦠꦒꦲꦕꦕꦧ,tagahacacaba,6,New Kramawirya
s_img_00963_aug3.png,ꦠꦒꦲꦕꦕꦧ,tagahacacaba,6,New Kramawirya
s_img_00310_aug1.png,ꦥꦏꦚꦕ,pakanyaca,4,Noto Sans Javanese Bold
s_img_00310_aug2.png,ꦥꦏꦚꦕ,pakanyaca,4,Noto Sans Javanese Bold
s_img_00310_aug3.png,ꦥꦏꦚꦕ,pakanyaca,4,Noto Sans Javanese Bold
s_img_00504_aug1.png,ꦧꦥꦭ,bapala,3,Nawatura Beta
s_img_00504_aug2.png,ꦧꦥꦭ,bapala,3,Nawatura Beta
s_img_00504_aug3.png,ꦧꦥꦭ,bapala,3,Nawatura Beta
s_img_01007_aug1.png,ꦔꦗꦮꦚ,ngajawanya,4,Noto Sans Javanese Regular
s_img_01007_aug2.png,ꦔꦗꦮꦚ,ngajawanya,4,Noto Sans Javanese Regular
s_img_01007_aug3.png,ꦔꦗꦮꦚ,ngajawanya,4,Noto Sans Javanese Regular
s_img_00421_aug1.png,ꦏꦔꦒꦏꦥ,kangagakapa,5,Gumregah New FULL
s_img_00421_aug2.png,ꦏꦔꦒꦏꦥ,kangagakapa,5,Gumregah New FULL
s_img_00421_aug3.png,ꦏꦔꦒꦏꦥ,kangagakapa,5,Gumregah New FULL
s_img_00610_aug1.png,ꦛꦲꦕꦚ,thahacanya,4,CARAKAN JAWA
s_img_00610_aug2.png,ꦛꦲꦕꦚ,thahacanya,4,CARAKAN JAWA
s_img_00610_aug3.png,ꦛꦲꦕꦚ,thahacanya,4,CARAKAN JAWA
s_img_00780_aug1.png,ꦪꦥꦝꦮ,yapadhawa,4,Gumregah New FULL
s_img_00780_aug2.png,ꦪꦥꦝꦮ,yapadhawa,4,Gumregah New FULL
s_img_00780_aug3.png,ꦪꦥꦝꦮ,yapadhawa,4,Gumregah New FULL
s_img_00344_aug1.png,ꦏꦧꦔ,kabanga,3,Nyk Ngayogyan Jejeg
s_img_00344_aug2.png,ꦏꦧꦔ,kabanga,3,Nyk Ngayogyan Jejeg
s_img_00344_aug3.png,ꦏꦧꦔ,kabanga,3,Nyk Ngayogyan Jejeg
s_img_00690_aug1.png,ꦢꦮꦮ,dawawa,3,Gumregah New FULL
s_img_00690_aug2.png,ꦢꦮꦮ,dawawa,3,Gumregah New FULL
s_img_00690_aug3.png,ꦢꦮꦮ,dawawa,3,Gumregah New FULL
s_img_00082_aug1.png,ꦤꦭꦝ,naladha,3,Nyk Ngayogyan Jejeg
s_img_00082_aug2.png,ꦤꦭꦝ,naladha,3,Nyk Ngayogyan Jejeg
s_img_00082_aug3.png,ꦤꦭꦝ,naladha,3,Nyk Ngayogyan Jejeg
s_img_00723_aug1.png,ꦕꦥꦔꦔꦩꦲ,capangangamaha,6,Nyk Ngayogyan New Italic
s_img_00723_aug2.png,ꦕꦥꦔꦔꦩꦲ,capangangamaha,6,Nyk Ngayogyan New Italic
s_img_00723_aug3.png,ꦕꦥꦔꦔꦩꦲ,capangangamaha,6,Nyk Ngayogyan New Italic
s_img_01083_aug1.png,ꦭꦤꦛꦗꦕꦤ,lanathajacana,6,CARAKAN JAWA
s_img_01083_aug2.png,ꦭꦤꦛꦗꦕꦤ,lanathajacana,6,CARAKAN JAWA
s_img_01083_aug3.png,ꦭꦤꦛꦗꦕꦤ,lanathajacana,6,CARAKAN JAWA
s_img_00480_aug1.png,ꦫꦢꦧꦗ,radabaja,4,Noto Sans Javanese Regular
s_img_00480_aug2.png,ꦫꦢꦧꦗ,radabaja,4,Noto Sans Javanese Regular
s_img_00480_aug3.png,ꦫꦢꦧꦗ,radabaja,4,Noto Sans Javanese Regular
s_img_00673_aug1.png,ꦠꦏ,taka,2,Noto Sans Javanese Regular
s_img_00673_aug2.png,ꦠꦏ,taka,2,Noto Sans Javanese Regular
s_img_00673_aug3.png,ꦠꦏ,taka,2,Noto Sans Javanese Regular
s_img_00166_aug1.png,ꦭꦩꦩꦚꦥꦢ,lamamanyapada,6,Nayaka New
s_img_00166_aug2.png,ꦭꦩꦩꦚꦥꦢ,lamamanyapada,6,Nayaka New
s_img_00166_aug3.png,ꦭꦩꦩꦚꦥꦢ,lamamanyapada,6,Nayaka New
s_img_00974_aug1.png,ꦭꦕꦗ,lacaja,3,Tuladha Jejeg
s_img_00974_aug2.png,ꦭꦕꦗ,lacaja,3,Tuladha Jejeg
s_img_00974_aug3.png,ꦭꦕꦗ,lacaja,3,Tuladha Jejeg
s_img_00125_aug1.png,ꦧꦔꦱꦩꦱꦮ,bangasamasawa,6,Gumregah New FULL
s_img_00125_aug2.png,ꦧꦔꦱꦩꦱꦮ,bangasamasawa,6,Gumregah New FULL
s_img_00125_aug3.png,ꦧꦔꦱꦩꦱꦮ,bangasamasawa,6,Gumregah New FULL
s_img_00064_aug1.png,ꦗꦫꦛ,jaratha,3,New Kramawirya
s_img_00064_aug2.png,ꦗꦫꦛ,jaratha,3,New Kramawirya
s_img_00064_aug3.png,ꦗꦫꦛ,jaratha,3,New Kramawirya
s_img_00207_aug1.png,ꦠꦱꦛꦗ,tasathaja,4,Nyk Ngayogyan Jejeg
s_img_00207_aug2.png,ꦠꦱꦛꦗ,tasathaja,4,Nyk Ngayogyan Jejeg
s_img_00207_aug3.png,ꦠꦱꦛꦗ,tasathaja,4,Nyk Ngayogyan Jejeg
s_img_00059_aug1.png,ꦤꦛꦧ,nathaba,3,New Kramawirya
s_img_00059_aug2.png,ꦤꦛꦧ,nathaba,3,New Kramawirya
s_img_00059_aug3.png,ꦤꦛꦧ,nathaba,3,New Kramawirya
s_img_00130_aug1.png,ꦥꦠꦚꦥꦥ,patanyapapa,5,Nyk Ngayogyan Jejeg
s_img_00130_aug2.png,ꦥꦠꦚꦥꦥ,patanyapapa,5,Nyk Ngayogyan Jejeg
s_img_00130_aug3.png,ꦥꦠꦚꦥꦥ,patanyapapa,5,Nyk Ngayogyan Jejeg
s_img_00489_aug1.png,ꦒꦱꦪ,gasaya,3,Tuladha Jejeg
s_img_00489_aug2.png,ꦒꦱꦪ,gasaya,3,Tuladha Jejeg
s_img_00489_aug3.png,ꦒꦱꦪ,gasaya,3,Tuladha Jejeg
s_img_00994_aug1.png,ꦪꦗꦠꦏꦏꦩ,yajatakakama,6,Noto Sans Javanese Bold
s_img_00994_aug2.png,ꦪꦗꦠꦏꦏꦩ,yajatakakama,6,Noto Sans Javanese Bold
s_img_00994_aug3.png,ꦪꦗꦠꦏꦏꦩ,yajatakakama,6,Noto Sans Javanese Bold
s_img_00604_aug1.png,ꦛꦮꦒꦫ,thawagara,4,Noto Sans Javanese Regular
s_img_00604_aug2.png,ꦛꦮꦒꦫ,thawagara,4,Noto Sans Javanese Regular
s_img_00604_aug3.png,ꦛꦮꦒꦫ,thawagara,4,Noto Sans Javanese Regular
s_img_00220_aug1.png,ꦒꦪꦛ,gayatha,3,Noto Sans Javanese Bold
s_img_00220_aug2.png,ꦒꦪꦛ,gayatha,3,Noto Sans Javanese Bold
s_img_00220_aug3.png,ꦒꦪꦛ,gayatha,3,Noto Sans Javanese Bold
s_img_01126_aug1.png,ꦱꦱꦲꦝꦕꦩ,sasahadhacama,6,Noto Sans Javanese Bold
s_img_01126_aug2.png,ꦱꦱꦲꦝꦕꦩ,sasahadhacama,6,Noto Sans Javanese Bold
s_img_01126_aug3.png,ꦱꦱꦲꦝꦕꦩ,sasahadhacama,6,Noto Sans Javanese Bold
s_img_00760_aug1.png,ꦗꦫꦲꦱꦝꦩ,jarahasadhama,6,New Kramawirya
s_img_00760_aug2.png,ꦗꦫꦲꦱꦝꦩ,jarahasadhama,6,New Kramawirya
s_img_00760_aug3.png,ꦗꦫꦲꦱꦝꦩ,jarahasadhama,6,New Kramawirya
s_img_01067_aug1.png,ꦝꦤꦔꦮꦒ,dhanangawaga,5,Nayaka New
s_img_01067_aug2.png,ꦝꦤꦔꦮꦒ,dhanangawaga,5,Nayaka New
s_img_01067_aug3.png,ꦝꦤꦔꦮꦒ,dhanangawaga,5,Nayaka New
s_img_00006_aug1.png,ꦪꦥꦮ,yapawa,3,CARAKAN JAWA
s_img_00006_aug2.png,ꦪꦥꦮ,yapawa,3,CARAKAN JAWA
s_img_00006_aug3.png,ꦪꦥꦮ,yapawa,3,CARAKAN JAWA
s_img_00836_aug1.png,ꦔꦩꦝꦚꦫꦫ,ngamadhanyarara,6,Nyk Ngayogyan Jejeg
s_img_00836_aug2.png,ꦔꦩꦝꦚꦫꦫ,ngamadhanyarara,6,Nyk Ngayogyan Jejeg
s_img_00836_aug3.png,ꦔꦩꦝꦚꦫꦫ,ngamadhanyarara,6,Nyk Ngayogyan Jejeg
s_img_00706_aug1.png,ꦲꦒꦩ,hagama,3,Nyk Ngayogyan Jejeg
s_img_00706_aug2.png,ꦲꦒꦩ,hagama,3,Nyk Ngayogyan Jejeg
s_img_00706_aug3.png,ꦲꦒꦩ,hagama,3,Nyk Ngayogyan Jejeg
s_img_00359_aug1.png,ꦠꦤꦠꦤ,tanatana,4,Noto Sans Javanese Bold
s_img_00359_aug2.png,ꦠꦤꦠꦤ,tanatana,4,Noto Sans Javanese Bold
s_img_00359_aug3.png,ꦠꦤꦠꦤ,tanatana,4,Noto Sans Javanese Bold
s_img_00175_aug1.png,ꦧꦕꦢ,bacada,3,New Kramawirya
s_img_00175_aug2.png,ꦧꦕꦢ,bacada,3,New Kramawirya
s_img_00175_aug3.png,ꦧꦕꦢ,bacada,3,New Kramawirya
s_img_01008_aug1.png,ꦛꦒꦚꦪ,thaganyaya,4,Nyk Ngayogyan Jejeg
s_img_01008_aug2.png,ꦛꦒꦚꦪ,thaganyaya,4,Nyk Ngayogyan Jejeg
s_img_01008_aug3.png,ꦛꦒꦚꦪ,thaganyaya,4,Nyk Ngayogyan Jejeg
s_img_00556_aug1.png,ꦩꦥꦢ,mapada,3,Noto Sans Javanese Bold
s_img_00556_aug2.png,ꦩꦥꦢ,mapada,3,Noto Sans Javanese Bold
s_img_00556_aug3.png,ꦩꦥꦢ,mapada,3,Noto Sans Javanese Bold
s_img_00942_aug1.png,ꦏꦔꦧꦲꦪ,kangabahaya,5,Nyk Ngayogyan New Italic
s_img_00942_aug2.png,ꦏꦔꦧꦲꦪ,kangabahaya,5,Nyk Ngayogyan New Italic
s_img_00942_aug3.png,ꦏꦔꦧꦲꦪ,kangabahaya,5,Nyk Ngayogyan New Italic
s_img_01146_aug1.png,ꦢꦗꦧꦗꦤꦢ,dajabajanada,6,Tuladha Jejeg
s_img_01146_aug2.png,ꦢꦗꦧꦗꦤꦢ,dajabajanada,6,Tuladha Jejeg
s_img_01146_aug3.png,ꦢꦗꦧꦗꦤꦢ,dajabajanada,6,Tuladha Jejeg
s_img_00040_aug1.png,ꦫꦱꦱꦕꦥ,rasasacapa,5,Noto Sans Javanese Bold
s_img_00040_aug2.png,ꦫꦱꦱꦕꦥ,rasasacapa,5,Noto Sans Javanese Bold
s_img_00040_aug3.png,ꦫꦱꦱꦕꦥ,rasasacapa,5,Noto Sans Javanese Bold
s_img_00053_aug1.png,ꦤꦧ,naba,2,Noto Sans Javanese Regular
s_img_00053_aug2.png,ꦤꦧ,naba,2,Noto Sans Javanese Regular
s_img_00053_aug3.png,ꦤꦧ,naba,2,Noto Sans Javanese Regular
s_img_00525_aug1.png,ꦗꦗꦧꦩꦤ,jajabamana,5,Gumregah New FULL
s_img_00525_aug2.png,ꦗꦗꦧꦩꦤ,jajabamana,5,Gumregah New FULL
s_img_00525_aug3.png,ꦗꦗꦧꦩꦤ,jajabamana,5,Gumregah New FULL
s_img_00062_aug1.png,ꦒꦢꦤꦒꦕꦢ,gadanagacada,6,New Kramawirya
s_img_00062_aug2.png,ꦒꦢꦤꦒꦕꦢ,gadanagacada,6,New Kramawirya
s_img_00062_aug3.png,ꦒꦢꦤꦒꦕꦢ,gadanagacada,6,New Kramawirya
s_img_00624_aug1.png,ꦫꦫ,rara,2,Tuladha Jejeg
s_img_00624_aug2.png,ꦫꦫ,rara,2,Tuladha Jejeg
s_img_00624_aug3.png,ꦫꦫ,rara,2,Tuladha Jejeg
s_img_00938_aug1.png,ꦱꦗ,saja,2,Gumregah New FULL
s_img_00938_aug2.png,ꦱꦗ,saja,2,Gumregah New FULL
s_img_00938_aug3.png,ꦱꦗ,saja,2,Gumregah New FULL
s_img_00964_aug1.png,ꦧꦛꦝꦝ,bathadhadha,4,Nyk Ngayogyan Jejeg
s_img_00964_aug2.png,ꦧꦛꦝꦝ,bathadhadha,4,Nyk Ngayogyan Jejeg
s_img_00964_aug3.png,ꦧꦛꦝꦝ,bathadhadha,4,Nyk Ngayogyan Jejeg
s_img_00226_aug1.png,ꦭꦪꦮꦚꦭꦠ,layawanyalata,6,Noto Sans Javanese Regular
s_img_00226_aug2.png,ꦭꦪꦮꦚꦭꦠ,layawanyalata,6,Noto Sans Javanese Regular
s_img_00226_aug3.png,ꦭꦪꦮꦚꦭꦠ,layawanyalata,6,Noto Sans Javanese Regular
s_img_00318_aug1.png,ꦚꦚꦒ,nyanyaga,3,New Kramawirya
s_img_00318_aug2.png,ꦚꦚꦒ,nyanyaga,3,New Kramawirya
s_img_00318_aug3.png,ꦚꦚꦒ,nyanyaga,3,New Kramawirya
s_img_01199_aug1.png,ꦪꦗ,yaja,2,New Kramawirya
s_img_01199_aug2.png,ꦪꦗ,yaja,2,New Kramawirya
s_img_01199_aug3.png,ꦪꦗ,yaja,2,New Kramawirya
s_img_00328_aug1.png,ꦕꦭꦫ,calara,3,Noto Sans Javanese Bold
s_img_00328_aug2.png,ꦕꦭꦫ,calara,3,Noto Sans Javanese Bold
s_img_00328_aug3.png,ꦕꦭꦫ,calara,3,Noto Sans Javanese Bold
s_img_00565_aug1.png,ꦝꦢꦔ,dhadanga,3,Nyk Ngayogyan Jejeg
s_img_00565_aug2.png,ꦝꦢꦔ,dhadanga,3,Nyk Ngayogyan Jejeg
s_img_00565_aug3.png,ꦝꦢꦔ,dhadanga,3,Nyk Ngayogyan Jejeg
s_img_01176_aug1.png,ꦩꦤꦏꦩꦏ,manakamaka,5,Nyk Ngayogyan New Italic
s_img_01176_aug2.png,ꦩꦤꦏꦩꦏ,manakamaka,5,Nyk Ngayogyan New Italic
s_img_01176_aug3.png,ꦩꦤꦏꦩꦏ,manakamaka,5,Nyk Ngayogyan New Italic
s_img_01080_aug1.png,ꦱꦱꦮꦭꦕꦛ,sasawalacatha,6,Nayaka New
s_img_01080_aug2.png,ꦱꦱꦮꦭꦕꦛ,sasawalacatha,6,Nayaka New
s_img_01080_aug3.png,ꦱꦱꦮꦭꦕꦛ,sasawalacatha,6,Nayaka New
s_img_00642_aug1.png,ꦒꦠ,gata,2,Noto Sans Javanese Bold
s_img_00642_aug2.png,ꦒꦠ,gata,2,Noto Sans Javanese Bold
s_img_00642_aug3.png,ꦒꦠ,gata,2,Noto Sans Javanese Bold
s_img_00840_aug1.png,ꦠꦠꦫꦗꦠꦚ,tatarajatanya,6,Tuladha Jejeg
s_img_00840_aug2.png,ꦠꦠꦫꦗꦠꦚ,tatarajatanya,6,Tuladha Jejeg
s_img_00840_aug3.png,ꦠꦠꦫꦗꦠꦚ,tatarajatanya,6,Tuladha Jejeg
s_img_00015_aug1.png,ꦠꦮꦕꦔ,tawacanga,4,Nyk Ngayogyan Jejeg
s_img_00015_aug2.png,ꦠꦮꦕꦔ,tawacanga,4,Nyk Ngayogyan Jejeg
s_img_00015_aug3.png,ꦠꦮꦕꦔ,tawacanga,4,Nyk Ngayogyan Jejeg
s_img_00775_aug1.png,ꦛꦠꦥꦱꦧꦩ,thatapasabama,6,Gumregah New FULL
s_img_00775_aug2.png,ꦛꦠꦥꦱꦧꦩ,thatapasabama,6,Gumregah New FULL
s_img_00775_aug3.png,ꦛꦠꦥꦱꦧꦩ,thatapasabama,6,Gumregah New FULL
s_img_01131_aug1.png,ꦪꦱꦠꦠ,yasatata,4,Nawatura Beta
s_img_01131_aug2.png,ꦪꦱꦠꦠ,yasatata,4,Nawatura Beta
s_img_01131_aug3.png,ꦪꦱꦠꦠ,yasatata,4,Nawatura Beta
s_img_00376_aug1.png,ꦚꦝꦝ,nyadhadha,3,Gumregah New FULL
s_img_00376_aug2.png,ꦚꦝꦝ,nyadhadha,3,Gumregah New FULL
s_img_00376_aug3.png,ꦚꦝꦝ,nyadhadha,3,Gumregah New FULL
s_img_00800_aug1.png,ꦫꦝꦤ,radhana,3,Nayaka New
s_img_00800_aug2.png,ꦫꦝꦤ,radhana,3,Nayaka New
s_img_00800_aug3.png,ꦫꦝꦤ,radhana,3,Nayaka New
s_img_00154_aug1.png,ꦩꦩꦚ,mamanya,3,Gumregah New FULL
s_img_00154_aug2.png,ꦩꦩꦚ,mamanya,3,Gumregah New FULL
s_img_00154_aug3.png,ꦩꦩꦚ,mamanya,3,Gumregah New FULL
s_img_00674_aug1.png,ꦫꦏꦫꦢꦚꦚ,rakaradanyanya,6,Nyk Ngayogyan New Italic
s_img_00674_aug2.png,ꦫꦏꦫꦢꦚꦚ,rakaradanyanya,6,Nyk Ngayogyan New Italic
s_img_00674_aug3.png,ꦫꦏꦫꦢꦚꦚ,rakaradanyanya,6,Nyk Ngayogyan New Italic
s_img_00265_aug1.png,ꦛꦧꦥꦗꦔꦒ,thabapajangaga,6,Nyk Ngayogyan New Italic
s_img_00265_aug2.png,ꦛꦧꦥꦗꦔꦒ,thabapajangaga,6,Nyk Ngayogyan New Italic
s_img_00265_aug3.png,ꦛꦧꦥꦗꦔꦒ,thabapajangaga,6,Nyk Ngayogyan New Italic
s_img_00606_aug1.png,ꦏꦱꦏ,kasaka,3,Noto Sans Javanese Bold
s_img_00606_aug2.png,ꦏꦱꦏ,kasaka,3,Noto Sans Javanese Bold
s_img_00606_aug3.png,ꦏꦱꦏ,kasaka,3,Noto Sans Javanese Bold
s_img_00724_aug1.png,ꦢꦔꦪꦢꦤ,dangayadana,5,Tuladha Jejeg
s_img_00724_aug2.png,ꦢꦔꦪꦢꦤ,dangayadana,5,Tuladha Jejeg
s_img_00724_aug3.png,ꦢꦔꦪꦢꦤ,dangayadana,5,Tuladha Jejeg
s_img_00968_aug1.png,ꦒꦮ,gawa,2,New Kramawirya
s_img_00968_aug2.png,ꦒꦮ,gawa,2,New Kramawirya
s_img_00968_aug3.png,ꦒꦮ,gawa,2,New Kramawirya
s_img_01142_aug1.png,ꦧꦏꦗꦪꦥꦚ,bakajayapanya,6,Nyk Ngayogyan New Italic
s_img_01142_aug2.png,ꦧꦏꦗꦪꦥꦚ,bakajayapanya,6,Nyk Ngayogyan New Italic
s_img_01142_aug3.png,ꦧꦏꦗꦪꦥꦚ,bakajayapanya,6,Nyk Ngayogyan New Italic
s_img_00842_aug1.png,ꦛꦫ,thara,2,Nyk Ngayogyan Jejeg
s_img_00842_aug2.png,ꦛꦫ,thara,2,Nyk Ngayogyan Jejeg
s_img_00842_aug3.png,ꦛꦫ,thara,2,Nyk Ngayogyan Jejeg
s_img_01171_aug1.png,ꦪꦤꦥꦝꦧ,yanapadhaba,5,Nawatura Beta
s_img_01171_aug2.png,ꦪꦤꦥꦝꦧ,yanapadhaba,5,Nawatura Beta
s_img_01171_aug3.png,ꦪꦤꦥꦝꦧ,yanapadhaba,5,Nawatura Beta
s_img_00580_aug1.png,ꦫꦧꦢꦝꦥꦠ,rabadadhapata,6,Nyk Ngayogyan Jejeg
s_img_00580_aug2.png,ꦫꦧꦢꦝꦥꦠ,rabadadhapata,6,Nyk Ngayogyan Jejeg
s_img_00580_aug3.png,ꦫꦧꦢꦝꦥꦠ,rabadadhapata,6,Nyk Ngayogyan Jejeg
s_img_00369_aug1.png,ꦭꦚꦔꦪ,lanyangaya,4,Tuladha Jejeg
s_img_00369_aug2.png,ꦭꦚꦔꦪ,lanyangaya,4,Tuladha Jejeg
s_img_00369_aug3.png,ꦭꦚꦔꦪ,lanyangaya,4,Tuladha Jejeg
s_img_00865_aug1.png,ꦢꦛꦮ,dathawa,3,CARAKAN JAWA
s_img_00865_aug2.png,ꦢꦛꦮ,dathawa,3,CARAKAN JAWA
s_img_00865_aug3.png,ꦢꦛꦮ,dathawa,3,CARAKAN JAWA
s_img_00035_aug1.png,ꦕꦩ,cama,2,Nyk Ngayogyan New Italic
s_img_00035_aug2.png,ꦕꦩ,cama,2,Nyk Ngayogyan New Italic
s_img_00035_aug3.png,ꦕꦩ,cama,2,Nyk Ngayogyan New Italic
s_img_00801_aug1.png,ꦮꦧꦔꦤꦔ,wabangananga,5,Nayaka New
s_img_00801_aug2.png,ꦮꦧꦔꦤꦔ,wabangananga,5,Nayaka New
s_img_00801_aug3.png,ꦮꦧꦔꦤꦔ,wabangananga,5,Nayaka New
s_img_00980_aug1.png,ꦏꦫꦫꦕ,kararaca,4,Nawatura Beta
s_img_00980_aug2.png,ꦏꦫꦫꦕ,kararaca,4,Nawatura Beta
s_img_00980_aug3.png,ꦏꦫꦫꦕ,kararaca,4,Nawatura Beta
s_img_00101_aug1.png,ꦠꦪꦗ,tayaja,3,Nawatura Beta
s_img_00101_aug2.png,ꦠꦪꦗ,tayaja,3,Nawatura Beta
s_img_00101_aug3.png,ꦠꦪꦗ,tayaja,3,Nawatura Beta
s_img_00846_aug1.png,ꦔꦥꦒꦗꦪꦔ,ngapagajayanga,6,Nyk Ngayogyan Jejeg
s_img_00846_aug2.png,ꦔꦥꦒꦗꦪꦔ,ngapagajayanga,6,Nyk Ngayogyan Jejeg
s_img_00846_aug3.png,ꦔꦥꦒꦗꦪꦔ,ngapagajayanga,6,Nyk Ngayogyan Jejeg
s_img_00128_aug1.png,ꦲꦗꦛꦛꦲꦕ,hajathathahaca,6,CARAKAN JAWA
s_img_00128_aug2.png,ꦲꦗꦛꦛꦲꦕ,hajathathahaca,6,CARAKAN JAWA
s_img_00128_aug3.png,ꦲꦗꦛꦛꦲꦕ,hajathathahaca,6,CARAKAN JAWA
s_img_01023_aug1.png,ꦭꦩꦧꦲ,lamabaha,4,Nyk Ngayogyan New Italic
s_img_01023_aug2.png,ꦭꦩꦧꦲ,lamabaha,4,Nyk Ngayogyan New Italic
s_img_01023_aug3.png,ꦭꦩꦧꦲ,lamabaha,4,Nyk Ngayogyan New Italic
s_img_00681_aug1.png,ꦧꦱꦫꦚꦫꦏ,basaranyaraka,6,Nyk Ngayogyan New Italic
s_img_00681_aug2.png,ꦧꦱꦫꦚꦫꦏ,basaranyaraka,6,Nyk Ngayogyan New Italic
s_img_00681_aug3.png,ꦧꦱꦫꦚꦫꦏ,basaranyaraka,6,Nyk Ngayogyan New Italic
s_img_01070_aug1.png,ꦪꦫꦢꦢꦧ,yaradadaba,5,Noto Sans Javanese Regular
s_img_01070_aug2.png,ꦪꦫꦢꦢꦧ,yaradadaba,5,Noto Sans Javanese Regular
s_img_01070_aug3.png,ꦪꦫꦢꦢꦧ,yaradadaba,5,Noto Sans Javanese Regular
s_img_00012_aug1.png,ꦤꦱ,nasa,2,Nyk Ngayogyan New Italic
s_img_00012_aug2.png,ꦤꦱ,nasa,2,Nyk Ngayogyan New Italic
s_img_00012_aug3.png,ꦤꦱ,nasa,2,Nyk Ngayogyan New Italic
s_img_00741_aug1.png,ꦤꦪꦕ,nayaca,3,CARAKAN JAWA
s_img_00741_aug2.png,ꦤꦪꦕ,nayaca,3,CARAKAN JAWA
s_img_00741_aug3.png,ꦤꦪꦕ,nayaca,3,CARAKAN JAWA
s_img_00568_aug1.png,ꦛꦱꦚꦝꦗꦚ,thasanyadhajanya,6,Nawatura Beta
s_img_00568_aug2.png,ꦛꦱꦚꦝꦗꦚ,thasanyadhajanya,6,Nawatura Beta
s_img_00568_aug3.png,ꦛꦱꦚꦝꦗꦚ,thasanyadhajanya,6,Nawatura Beta
s_img_00063_aug1.png,ꦔꦕ,ngaca,2,Nayaka New
s_img_00063_aug2.png,ꦔꦕ,ngaca,2,Nayaka New
s_img_00063_aug3.png,ꦔꦕ,ngaca,2,Nayaka New
s_img_00379_aug1.png,ꦩꦒꦗ,magaja,3,Gumregah New FULL
s_img_00379_aug2.png,ꦩꦒꦗ,magaja,3,Gumregah New FULL
s_img_00379_aug3.png,ꦩꦒꦗ,magaja,3,Gumregah New FULL
s_img_01129_aug1.png,ꦢꦠꦱ,datasa,3,Noto Sans Javanese Regular
s_img_01129_aug2.png,ꦢꦠꦱ,datasa,3,Noto Sans Javanese Regular
s_img_01129_aug3.png,ꦢꦠꦱ,datasa,3,Noto Sans Javanese Regular
s_img_00244_aug1.png,ꦭꦩ,lama,2,Nyk Ngayogyan New Italic
s_img_00244_aug2.png,ꦭꦩ,lama,2,Nyk Ngayogyan New Italic
s_img_00244_aug3.png,ꦭꦩ,lama,2,Nyk Ngayogyan New Italic
s_img_01048_aug1.png,ꦩꦕꦔ,macanga,3,Noto Sans Javanese Bold
s_img_01048_aug2.png,ꦩꦕꦔ,macanga,3,Noto Sans Javanese Bold
s_img_01048_aug3.png,ꦩꦕꦔ,macanga,3,Noto Sans Javanese Bold
s_img_01093_aug1.png,ꦗꦛꦠꦧꦔ,jathatabanga,5,CARAKAN JAWA
s_img_01093_aug2.png,ꦗꦛꦠꦧꦔ,jathatabanga,5,CARAKAN JAWA
s_img_01093_aug3.png,ꦗꦛꦠꦧꦔ,jathatabanga,5,CARAKAN JAWA
s_img_00366_aug1.png,ꦪꦔ,yanga,2,Nyk Ngayogyan Jejeg
s_img_00366_aug2.png,ꦪꦔ,yanga,2,Nyk Ngayogyan Jejeg
s_img_00366_aug3.png,ꦪꦔ,yanga,2,Nyk Ngayogyan Jejeg
s_img_00896_aug1.png,ꦠꦫꦢꦛ,taradatha,4,Gumregah New FULL
s_img_00896_aug2.png,ꦠꦫꦢꦛ,taradatha,4,Gumregah New FULL
s_img_00896_aug3.png,ꦠꦫꦢꦛ,taradatha,4,Gumregah New FULL
s_img_00491_aug1.png,ꦪꦧꦩ,yabama,3,Nyk Ngayogyan New Italic
s_img_00491_aug2.png,ꦪꦧꦩ,yabama,3,Nyk Ngayogyan New Italic
s_img_00491_aug3.png,ꦪꦧꦩ,yabama,3,Nyk Ngayogyan New Italic
s_img_00441_aug1.png,ꦧꦮꦧ,bawaba,3,New Kramawirya
s_img_00441_aug2.png,ꦧꦮꦧ,bawaba,3,New Kramawirya
s_img_00441_aug3.png,ꦧꦮꦧ,bawaba,3,New Kramawirya
s_img_00108_aug1.png,ꦲꦤꦱ,hanasa,3,CARAKAN JAWA
s_img_00108_aug2.png,ꦲꦤꦱ,hanasa,3,CARAKAN JAWA
s_img_00108_aug3.png,ꦲꦤꦱ,hanasa,3,CARAKAN JAWA
s_img_00312_aug1.png,ꦒꦕꦭꦚ,gacalanya,4,Noto Sans Javanese Regular
s_img_00312_aug2.png,ꦒꦕꦭꦚ,gacalanya,4,Noto Sans Javanese Regular
s_img_00312_aug3.png,ꦒꦕꦭꦚ,gacalanya,4,Noto Sans Javanese Regular
s_img_00985_aug1.png,ꦩꦧꦤꦒꦝ,mabanagadha,5,Tuladha Jejeg
s_img_00985_aug2.png,ꦩꦧꦤꦒꦝ,mabanagadha,5,Tuladha Jejeg
s_img_00985_aug3.png,ꦩꦧꦤꦒꦝ,mabanagadha,5,Tuladha Jejeg
s_img_00996_aug1.png,ꦏꦒꦧꦥꦩ,kagabapama,5,Noto Sans Javanese Regular
s_img_00996_aug2.png,ꦏꦒꦧꦥꦩ,kagabapama,5,Noto Sans Javanese Regular
s_img_00996_aug3.png,ꦏꦒꦧꦥꦩ,kagabapama,5,Noto Sans Javanese Regular
s_img_00691_aug1.png,ꦏꦤꦔꦔꦔ,kananganganga,5,Nyk Ngayogyan Jejeg
s_img_00691_aug2.png,ꦏꦤꦔꦔꦔ,kananganganga,5,Nyk Ngayogyan Jejeg
s_img_00691_aug3.png,ꦏꦤꦔꦔꦔ,kananganganga,5,Nyk Ngayogyan Jejeg
s_img_00444_aug1.png,ꦱꦤꦫ,sanara,3,Nawatura Beta
s_img_00444_aug2.png,ꦱꦤꦫ,sanara,3,Nawatura Beta
s_img_00444_aug3.png,ꦱꦤꦫ,sanara,3,Nawatura Beta
s_img_00708_aug1.png,ꦤꦲꦏꦛ,nahakatha,4,Nyk Ngayogyan Jejeg
s_img_00708_aug2.png,ꦤꦲꦏꦛ,nahakatha,4,Nyk Ngayogyan Jejeg
s_img_00708_aug3.png,ꦤꦲꦏꦛ,nahakatha,4,Nyk Ngayogyan Jejeg
s_img_00639_aug1.png,ꦮꦠ,wata,2,New Kramawirya
s_img_00639_aug2.png,ꦮꦠ,wata,2,New Kramawirya
s_img_00639_aug3.png,ꦮꦠ,wata,2,New Kramawirya
s_img_00177_aug1.png,ꦩꦭꦤꦱꦭꦭ,malanasalala,6,New Kramawirya
s_img_00177_aug2.png,ꦩꦭꦤꦱꦭꦭ,malanasalala,6,New Kramawirya
s_img_00177_aug3.png,ꦩꦭꦤꦱꦭꦭ,malanasalala,6,New Kramawirya
s_img_00810_aug1.png,ꦕꦒꦕ,cagaca,3,Nawatura Beta
s_img_00810_aug2.png,ꦕꦒꦕ,cagaca,3,Nawatura Beta
s_img_00810_aug3.png,ꦕꦒꦕ,cagaca,3,Nawatura Beta
s_img_00116_aug1.png,ꦒꦩꦱꦮ,gamasawa,4,Nyk Ngayogyan Jejeg
s_img_00116_aug2.png,ꦒꦩꦱꦮ,gamasawa,4,Nyk Ngayogyan Jejeg
s_img_00116_aug3.png,ꦒꦩꦱꦮ,gamasawa,4,Nyk Ngayogyan Jejeg
s_img_00118_aug1.png,ꦧꦕꦏꦏ,bacakaka,4,Noto Sans Javanese Regular
s_img_00118_aug2.png,ꦧꦕꦏꦏ,bacakaka,4,Noto Sans Javanese Regular
s_img_00118_aug3.png,ꦧꦕꦏꦏ,bacakaka,4,Noto Sans Javanese Regular
s_img_00055_aug1.png,ꦪꦩꦩ,yamama,3,CARAKAN JAWA
s_img_00055_aug2.png,ꦪꦩꦩ,yamama,3,CARAKAN JAWA
s_img_00055_aug3.png,ꦪꦩꦩ,yamama,3,CARAKAN JAWA
s_img_01036_aug1.png,ꦚꦤꦥꦕ,nyanapaca,4,New Kramawirya
s_img_01036_aug2.png,ꦚꦤꦥꦕ,nyanapaca,4,New Kramawirya
s_img_01036_aug3.png,ꦚꦤꦥꦕ,nyanapaca,4,New Kramawirya
s_img_00527_aug1.png,ꦪꦥꦛꦫꦒ,yapatharaga,5,Gumregah New FULL
s_img_00527_aug2.png,ꦪꦥꦛꦫꦒ,yapatharaga,5,Gumregah New FULL
s_img_00527_aug3.png,ꦪꦥꦛꦫꦒ,yapatharaga,5,Gumregah New FULL
s_img_00024_aug1.png,ꦤꦫ,nara,2,Nayaka New
s_img_00024_aug2.png,ꦤꦫ,nara,2,Nayaka New
s_img_00024_aug3.png,ꦤꦫ,nara,2,Nayaka New
s_img_01000_aug1.png,ꦧꦧꦮꦝ,babawadha,4,Nawatura Beta
s_img_01000_aug2.png,ꦧꦧꦮꦝ,babawadha,4,Nawatura Beta
s_img_01000_aug3.png,ꦧꦧꦮꦝ,babawadha,4,Nawatura Beta
s_img_00176_aug1.png,ꦪꦚ,yanya,2,Nayaka New
s_img_00176_aug2.png,ꦪꦚ,yanya,2,Nayaka New
s_img_00176_aug3.png,ꦪꦚ,yanya,2,Nayaka New
s_img_01086_aug1.png,ꦥꦧ,paba,2,Nawatura Beta
s_img_01086_aug2.png,ꦥꦧ,paba,2,Nawatura Beta
s_img_01086_aug3.png,ꦥꦧ,paba,2,Nawatura Beta
s_img_00757_aug1.png,ꦠꦤꦱ,tanasa,3,Nyk Ngayogyan Jejeg
s_img_00757_aug2.png,ꦠꦤꦱ,tanasa,3,Nyk Ngayogyan Jejeg
s_img_00757_aug3.png,ꦠꦤꦱ,tanasa,3,Nyk Ngayogyan Jejeg
s_img_00593_aug1.png,ꦕꦛꦲ,cathaha,3,Gumregah New FULL
s_img_00593_aug2.png,ꦕꦛꦲ,cathaha,3,Gumregah New FULL
s_img_00593_aug3.png,ꦕꦛꦲ,cathaha,3,Gumregah New FULL
s_img_00643_aug1.png,ꦧꦥꦗ,bapaja,3,New Kramawirya
s_img_00643_aug2.png,ꦧꦥꦗ,bapaja,3,New Kramawirya
s_img_00643_aug3.png,ꦧꦥꦗ,bapaja,3,New Kramawirya
s_img_00728_aug1.png,ꦩꦏꦤꦝꦲꦪ,makanadhahaya,6,CARAKAN JAWA
s_img_00728_aug2.png,ꦩꦏꦤꦝꦲꦪ,makanadhahaya,6,CARAKAN JAWA
s_img_00728_aug3.png,ꦩꦏꦤꦝꦲꦪ,makanadhahaya,6,CARAKAN JAWA
s_img_01051_aug1.png,ꦚꦠꦲꦗ,nyatahaja,4,CARAKAN JAWA
s_img_01051_aug2.png,ꦚꦠꦲꦗ,nyatahaja,4,CARAKAN JAWA
s_img_01051_aug3.png,ꦚꦠꦲꦗ,nyatahaja,4,CARAKAN JAWA
s_img_00332_aug1.png,ꦭꦚꦱꦧꦱꦭ,lanyasabasala,6,Noto Sans Javanese Bold
s_img_00332_aug2.png,ꦭꦚꦱꦧꦱꦭ,lanyasabasala,6,Noto Sans Javanese Bold
s_img_00332_aug3.png,ꦭꦚꦱꦧꦱꦭ,lanyasabasala,6,Noto Sans Javanese Bold
s_img_00016_aug1.png,ꦧꦱꦢ,basada,3,Noto Sans Javanese Bold
s_img_00016_aug2.png,ꦧꦱꦢ,basada,3,Noto Sans Javanese Bold
s_img_00016_aug3.png,ꦧꦱꦢ,basada,3,Noto Sans Javanese Bold
s_img_00286_aug1.png,ꦔꦕꦤꦏꦢꦔ,ngacanakadanga,6,Noto Sans Javanese Bold
s_img_00286_aug2.png,ꦔꦕꦤꦏꦢꦔ,ngacanakadanga,6,Noto Sans Javanese Bold
s_img_00286_aug3.png,ꦔꦕꦤꦏꦢꦔ,ngacanakadanga,6,Noto Sans Javanese Bold
s_img_00471_aug1.png,ꦠꦛ,tatha,2,Nayaka New
s_img_00471_aug2.png,ꦠꦛ,tatha,2,Nayaka New
s_img_00471_aug3.png,ꦠꦛ,tatha,2,Nayaka New
s_img_00415_aug1.png,ꦠꦝꦧꦭꦕꦗ,tadhabalacaja,6,Nyk Ngayogyan Jejeg
s_img_00415_aug2.png,ꦠꦝꦧꦭꦕꦗ,tadhabalacaja,6,Nyk Ngayogyan Jejeg
s_img_00415_aug3.png,ꦠꦝꦧꦭꦕꦗ,tadhabalacaja,6,Nyk Ngayogyan Jejeg
s_img_00850_aug1.png,ꦠꦔꦭ,tangala,3,Noto Sans Javanese Bold
s_img_00850_aug2.png,ꦠꦔꦭ,tangala,3,Noto Sans Javanese Bold
s_img_00850_aug3.png,ꦠꦔꦭ,tangala,3,Noto Sans Javanese Bold
s_img_00347_aug1.png,ꦚꦕꦫꦩꦔꦧ,nyacaramangaba,6,CARAKAN JAWA
s_img_00347_aug2.png,ꦚꦕꦫꦩꦔꦧ,nyacaramangaba,6,CARAKAN JAWA
s_img_00347_aug3.png,ꦚꦕꦫꦩꦔꦧ,nyacaramangaba,6,CARAKAN JAWA
s_img_00869_aug1.png,ꦕꦥꦒꦱ,capagasa,4,Nawatura Beta
s_img_00869_aug2.png,ꦕꦥꦒꦱ,capagasa,4,Nawatura Beta
s_img_00869_aug3.png,ꦕꦥꦒꦱ,capagasa,4,Nawatura Beta
s_img_00897_aug1.png,ꦕꦭꦕꦮꦫꦠ,calacawarata,6,Nyk Ngayogyan Jejeg
s_img_00897_aug2.png,ꦕꦭꦕꦮꦫꦠ,calacawarata,6,Nyk Ngayogyan Jejeg
s_img_00897_aug3.png,ꦕꦭꦕꦮꦫꦠ,calacawarata,6,Nyk Ngayogyan Jejeg
s_img_00950_aug1.png,ꦮꦧꦪꦛ,wabayatha,4,Tuladha Jejeg
s_img_00950_aug2.png,ꦮꦧꦪꦛ,wabayatha,4,Tuladha Jejeg
s_img_00950_aug3.png,ꦮꦧꦪꦛ,wabayatha,4,Tuladha Jejeg
s_img_00586_aug1.png,ꦗꦪꦔꦏꦛꦗ,jayangakathaja,6,Nayaka New
s_img_00586_aug2.png,ꦗꦪꦔꦏꦛꦗ,jayangakathaja,6,Nayaka New
s_img_00586_aug3.png,ꦗꦪꦔꦏꦛꦗ,jayangakathaja,6,Nayaka New
s_img_00354_aug1.png,ꦝꦮꦲꦝꦕ,dhawahadhaca,5,CARAKAN JAWA
s_img_00354_aug2.png,ꦝꦮꦲꦝꦕ,dhawahadhaca,5,CARAKAN JAWA
s_img_00354_aug3.png,ꦝꦮꦲꦝꦕ,dhawahadhaca,5,CARAKAN JAWA
s_img_00779_aug1.png,ꦕꦱꦝꦱ,casadhasa,4,Noto Sans Javanese Regular
s_img_00779_aug2.png,ꦕꦱꦝꦱ,casadhasa,4,Noto Sans Javanese Regular
s_img_00779_aug3.png,ꦕꦱꦝꦱ,casadhasa,4,Noto Sans Javanese Regular
s_img_00648_aug1.png,ꦏꦮꦫꦲ,kawaraha,4,Noto Sans Javanese Bold
s_img_00648_aug2.png,ꦏꦮꦫꦲ,kawaraha,4,Noto Sans Javanese Bold
s_img_00648_aug3.png,ꦏꦮꦫꦲ,kawaraha,4,Noto Sans Javanese Bold
s_img_00197_aug1.png,ꦚꦩꦫꦲ,nyamaraha,4,CARAKAN JAWA
s_img_00197_aug2.png,ꦚꦩꦫꦲ,nyamaraha,4,CARAKAN JAWA
s_img_00197_aug3.png,ꦚꦩꦫꦲ,nyamaraha,4,CARAKAN JAWA
s_img_00831_aug1.png,ꦚꦕꦩꦚꦥꦫ,nyacamanyapara,6,Noto Sans Javanese Bold
s_img_00831_aug2.png,ꦚꦕꦩꦚꦥꦫ,nyacamanyapara,6,Noto Sans Javanese Bold
s_img_00831_aug3.png,ꦚꦕꦩꦚꦥꦫ,nyacamanyapara,6,Noto Sans Javanese Bold
s_img_00569_aug1.png,ꦒꦏꦝꦲꦩꦫ,gakadhahamara,6,Noto Sans Javanese Regular
s_img_00569_aug2.png,ꦒꦏꦝꦲꦩꦫ,gakadhahamara,6,Noto Sans Javanese Regular
s_img_00569_aug3.png,ꦒꦏꦝꦲꦩꦫ,gakadhahamara,6,Noto Sans Javanese Regular
s_img_01020_aug1.png,ꦩꦧꦱꦕ,mabasaca,4,Nayaka New
s_img_01020_aug2.png,ꦩꦧꦱꦕ,mabasaca,4,Nayaka New
s_img_01020_aug3.png,ꦩꦧꦱꦕ,mabasaca,4,Nayaka New
s_img_00506_aug1.png,ꦒꦩꦚꦫ,gamanyara,4,CARAKAN JAWA
s_img_00506_aug2.png,ꦒꦩꦚꦫ,gamanyara,4,CARAKAN JAWA
s_img_00506_aug3.png,ꦒꦩꦚꦫ,gamanyara,4,CARAKAN JAWA
s_img_00560_aug1.png,ꦭꦕꦪꦩꦏ,lacayamaka,5,Tuladha Jejeg
s_img_00560_aug2.png,ꦭꦕꦪꦩꦏ,lacayamaka,5,Tuladha Jejeg
s_img_00560_aug3.png,ꦭꦕꦪꦩꦏ,lacayamaka,5,Tuladha Jejeg
s_img_00564_aug1.png,ꦧꦔꦕꦫ,bangacara,4,Nayaka New
s_img_00564_aug2.png,ꦧꦔꦕꦫ,bangacara,4,Nayaka New
s_img_00564_aug3.png,ꦧꦔꦕꦫ,bangacara,4,Nayaka New
s_img_00102_aug1.png,ꦔꦛꦭ,ngathala,3,New Kramawirya
s_img_00102_aug2.png,ꦔꦛꦭ,ngathala,3,New Kramawirya
s_img_00102_aug3.png,ꦔꦛꦭ,ngathala,3,New Kramawirya
s_img_00361_aug1.png,ꦮꦤꦠꦭꦝ,wanataladha,5,Noto Sans Javanese Bold
s_img_00361_aug2.png,ꦮꦤꦠꦭꦝ,wanataladha,5,Noto Sans Javanese Bold
s_img_00361_aug3.png,ꦮꦤꦠꦭꦝ,wanataladha,5,Noto Sans Javanese Bold
s_img_00973_aug1.png,ꦒꦧꦲꦮ,gabahawa,4,Nyk Ngayogyan New Italic
s_img_00973_aug2.png,ꦒꦧꦲꦮ,gabahawa,4,Nyk Ngayogyan New Italic
s_img_00973_aug3.png,ꦒꦧꦲꦮ,gabahawa,4,Nyk Ngayogyan New Italic
s_img_01114_aug1.png,ꦏꦥꦗ,kapaja,3,Nawatura Beta
s_img_01114_aug2.png,ꦏꦥꦗ,kapaja,3,Nawatura Beta
s_img_01114_aug3.png,ꦏꦥꦗ,kapaja,3,Nawatura Beta
s_img_00515_aug1.png,ꦏꦱꦕꦏꦲ,kasacakaha,5,Nyk Ngayogyan New Italic
s_img_00515_aug2.png,ꦏꦱꦕꦏꦲ,kasacakaha,5,Nyk Ngayogyan New Italic
s_img_00515_aug3.png,ꦏꦱꦕꦏꦲ,kasacakaha,5,Nyk Ngayogyan New Italic
s_img_00142_aug1.png,ꦭꦔ,langa,2,Nayaka New
s_img_00142_aug2.png,ꦭꦔ,langa,2,Nayaka New
s_img_00142_aug3.png,ꦭꦔ,langa,2,Nayaka New
s_img_00338_aug1.png,ꦏꦪꦕꦱꦚꦝ,kayacasanyadha,6,Nawatura Beta
s_img_00338_aug2.png,ꦏꦪꦕꦱꦚꦝ,kayacasanyadha,6,Nawatura Beta
s_img_00338_aug3.png,ꦏꦪꦕꦱꦚꦝ,kayacasanyadha,6,Nawatura Beta
s_img_00743_aug1.png,ꦗꦧꦥꦮꦒꦚ,jabapawaganya,6,Nawatura Beta
s_img_00743_aug2.png,ꦗꦧꦥꦮꦒꦚ,jabapawaganya,6,Nawatura Beta
s_img_00743_aug3.png,ꦗꦧꦥꦮꦒꦚ,jabapawaganya,6,Nawatura Beta
s_img_01137_aug1.png,ꦗꦤꦧꦗꦒꦤ,janabajagana,6,Noto Sans Javanese Bold
s_img_01137_aug2.png,ꦗꦤꦧꦗꦒꦤ,janabajagana,6,Noto Sans Javanese Bold
s_img_01137_aug3.png,ꦗꦤꦧꦗꦒꦤ,janabajagana,6,Noto Sans Javanese Bold
s_img_00417_aug1.png,ꦫꦗꦝ,rajadha,3,Noto Sans Javanese Regular
s_img_00417_aug2.png,ꦫꦗꦝ,rajadha,3,Noto Sans Javanese Regular
s_img_00417_aug3.png,ꦫꦗꦝ,rajadha,3,Noto Sans Javanese Regular
s_img_00005_aug1.png,ꦪꦱꦚꦛꦮꦲ,yasanyathawaha,6,Tuladha Jejeg
s_img_00005_aug2.png,ꦪꦱꦚꦛꦮꦲ,yasanyathawaha,6,Tuladha Jejeg
s_img_00005_aug3.png,ꦪꦱꦚꦛꦮꦲ,yasanyathawaha,6,Tuladha Jejeg
s_img_00188_aug1.png,ꦚꦮꦢꦛꦪꦩ,nyawadathayama,6,Nawatura Beta
s_img_00188_aug2.png,ꦚꦮꦢꦛꦪꦩ,nyawadathayama,6,Nawatura Beta
s_img_00188_aug3.png,ꦚꦮꦢꦛꦪꦩ,nyawadathayama,6,Nawatura Beta
s_img_00185_aug1.png,ꦥꦔꦮꦲꦕ,pangawahaca,5,Nyk Ngayogyan New Italic
s_img_00185_aug2.png,ꦥꦔꦮꦲꦕ,pangawahaca,5,Nyk Ngayogyan New Italic
s_img_00185_aug3.png,ꦥꦔꦮꦲꦕ,pangawahaca,5,Nyk Ngayogyan New Italic
s_img_00242_aug1.png,ꦧꦥꦔꦱꦕꦚ,bapangasacanya,6,Gumregah New FULL
s_img_00242_aug2.png,ꦧꦥꦔꦱꦕꦚ,bapangasacanya,6,Gumregah New FULL
s_img_00242_aug3.png,ꦧꦥꦔꦱꦕꦚ,bapangasacanya,6,Gumregah New FULL
s_img_00766_aug1.png,ꦱꦮ,sawa,2,Noto Sans Javanese Regular
s_img_00766_aug2.png,ꦱꦮ,sawa,2,Noto Sans Javanese Regular
s_img_00766_aug3.png,ꦱꦮ,sawa,2,Noto Sans Javanese Regular
s_img_00524_aug1.png,ꦤꦕ,naca,2,New Kramawirya
s_img_00524_aug2.png,ꦤꦕ,naca,2,New Kramawirya
s_img_00524_aug3.png,ꦤꦕ,naca,2,New Kramawirya
s_img_01105_aug1.png,ꦤꦮꦢꦤꦭꦠ,nawadanalata,6,Noto Sans Javanese Regular
s_img_01105_aug2.png,ꦤꦮꦢꦤꦭꦠ,nawadanalata,6,Noto Sans Javanese Regular
s_img_01105_aug3.png,ꦤꦮꦢꦤꦭꦠ,nawadanalata,6,Noto Sans Javanese Regular
s_img_00651_aug1.png,ꦝꦤꦩꦛꦢꦝ,dhanamathadadha,6,Noto Sans Javanese Bold
s_img_00651_aug2.png,ꦝꦤꦩꦛꦢꦝ,dhanamathadadha,6,Noto Sans Javanese Bold
s_img_00651_aug3.png,ꦝꦤꦩꦛꦢꦝ,dhanamathadadha,6,Noto Sans Javanese Bold
s_img_00688_aug1.png,ꦛꦪꦗ,thayaja,3,Nayaka New
s_img_00688_aug2.png,ꦛꦪꦗ,thayaja,3,Nayaka New
s_img_00688_aug3.png,ꦛꦪꦗ,thayaja,3,Nayaka New
s_img_00873_aug1.png,ꦩꦧꦲꦫꦝꦚ,mabaharadhanya,6,Gumregah New FULL
s_img_00873_aug2.png,ꦩꦧꦲꦫꦝꦚ,mabaharadhanya,6,Gumregah New FULL
s_img_00873_aug3.png,ꦩꦧꦲꦫꦝꦚ,mabaharadhanya,6,Gumregah New FULL
s_img_00056_aug1.png,ꦗꦤꦢ,janada,3,Tuladha Jejeg
s_img_00056_aug2.png,ꦗꦤꦢ,janada,3,Tuladha Jejeg
s_img_00056_aug3.png,ꦗꦤꦢ,janada,3,Tuladha Jejeg
s_img_01001_aug1.png,ꦔꦠꦛꦛ,ngatathatha,4,Noto Sans Javanese Bold
s_img_01001_aug2.png,ꦔꦠꦛꦛ,ngatathatha,4,Noto Sans Javanese Bold
s_img_01001_aug3.png,ꦔꦠꦛꦛ,ngatathatha,4,Noto Sans Javanese Bold
s_img_00887_aug1.png,ꦕꦛꦤꦕꦝꦒ,cathanacadhaga,6,Nyk Ngayogyan Jejeg
s_img_00887_aug2.png,ꦕꦛꦤꦕꦝꦒ,cathanacadhaga,6,Nyk Ngayogyan Jejeg
s_img_00887_aug3.png,ꦕꦛꦤꦕꦝꦒ,cathanacadhaga,6,Nyk Ngayogyan Jejeg
s_img_01139_aug1.png,ꦭꦚꦢꦪ,lanyadaya,4,New Kramawirya
s_img_01139_aug2.png,ꦭꦚꦢꦪ,lanyadaya,4,New Kramawirya
s_img_01139_aug3.png,ꦭꦚꦢꦪ,lanyadaya,4,New Kramawirya
s_img_00180_aug1.png,ꦕꦤꦢ,canada,3,Nyk Ngayogyan Jejeg
s_img_00180_aug2.png,ꦕꦤꦢ,canada,3,Nyk Ngayogyan Jejeg
s_img_00180_aug3.png,ꦕꦤꦢ,canada,3,Nyk Ngayogyan Jejeg
s_img_00107_aug1.png,ꦭꦱꦠ,lasata,3,CARAKAN JAWA
s_img_00107_aug2.png,ꦭꦱꦠ,lasata,3,CARAKAN JAWA
s_img_00107_aug3.png,ꦭꦱꦠ,lasata,3,CARAKAN JAWA
s_img_00663_aug1.png,ꦝꦛꦩꦠꦧ,dhathamataba,5,Nayaka New
s_img_00663_aug2.png,ꦝꦛꦩꦠꦧ,dhathamataba,5,Nayaka New
s_img_00663_aug3.png,ꦝꦛꦩꦠꦧ,dhathamataba,5,Nayaka New
s_img_00773_aug1.png,ꦗꦥꦏꦲꦩꦭ,japakahamala,6,Nawatura Beta
s_img_00773_aug2.png,ꦗꦥꦏꦲꦩꦭ,japakahamala,6,Nawatura Beta
s_img_00773_aug3.png,ꦗꦥꦏꦲꦩꦭ,japakahamala,6,Nawatura Beta
s_img_00126_aug1.png,ꦩꦲꦗꦥꦗ,mahajapaja,5,Nawatura Beta
s_img_00126_aug2.png,ꦩꦲꦗꦥꦗ,mahajapaja,5,Nawatura Beta
s_img_00126_aug3.png,ꦩꦲꦗꦥꦗ,mahajapaja,5,Nawatura Beta
s_img_00609_aug1.png,ꦒꦮꦝꦚꦩ,gawadhanyama,5,Nyk Ngayogyan New Italic
s_img_00609_aug2.png,ꦒꦮꦝꦚꦩ,gawadhanyama,5,Nyk Ngayogyan New Italic
s_img_00609_aug3.png,ꦒꦮꦝꦚꦩ,gawadhanyama,5,Nyk Ngayogyan New Italic
s_img_00283_aug1.png,ꦕꦏꦲꦕꦒ,cakahacaga,5,Tuladha Jejeg
s_img_00283_aug2.png,ꦕꦏꦲꦕꦒ,cakahacaga,5,Tuladha Jejeg
s_img_00283_aug3.png,ꦕꦏꦲꦕꦒ,cakahacaga,5,Tuladha Jejeg
s_img_00679_aug1.png,ꦗꦒꦤꦭ,jaganala,4,Gumregah New FULL
s_img_00679_aug2.png,ꦗꦒꦤꦭ,jaganala,4,Gumregah New FULL
s_img_00679_aug3.png,ꦗꦒꦤꦭ,jaganala,4,Gumregah New FULL
s_img_00219_aug1.png,ꦝꦝꦪꦏ,dhadhayaka,4,New Kramawirya
s_img_00219_aug2.png,ꦝꦝꦪꦏ,dhadhayaka,4,New Kramawirya
s_img_00219_aug3.png,ꦝꦝꦪꦏ,dhadhayaka,4,New Kramawirya
s_img_00367_aug1.png,ꦧꦭꦥ,balapa,3,New Kramawirya
s_img_00367_aug2.png,ꦧꦭꦥ,balapa,3,New Kramawirya
s_img_00367_aug3.png,ꦧꦭꦥ,balapa,3,New Kramawirya
s_img_00861_aug1.png,ꦝꦛꦧ,dhathaba,3,Nyk Ngayogyan Jejeg
s_img_00861_aug2.png,ꦝꦛꦧ,dhathaba,3,Nyk Ngayogyan Jejeg
s_img_00861_aug3.png,ꦝꦛꦧ,dhathaba,3,Nyk Ngayogyan Jejeg
s_img_00551_aug1.png,ꦩꦔꦔ,manganga,3,Tuladha Jejeg
s_img_00551_aug2.png,ꦩꦔꦔ,manganga,3,Tuladha Jejeg
s_img_00551_aug3.png,ꦩꦔꦔ,manganga,3,Tuladha Jejeg
s_img_01031_aug1.png,ꦫꦚꦔꦚ,ranyanganya,4,CARAKAN JAWA
s_img_01031_aug2.png,ꦫꦚꦔꦚ,ranyanganya,4,CARAKAN JAWA
s_img_01031_aug3.png,ꦫꦚꦔꦚ,ranyanganya,4,CARAKAN JAWA
s_img_01060_aug1.png,ꦩꦧꦏꦔꦭꦥ,mabakangalapa,6,CARAKAN JAWA
s_img_01060_aug2.png,ꦩꦧꦏꦔꦭꦥ,mabakangalapa,6,CARAKAN JAWA
s_img_01060_aug3.png,ꦩꦧꦏꦔꦭꦥ,mabakangalapa,6,CARAKAN JAWA
s_img_01165_aug1.png,ꦪꦔꦥꦮ,yangapawa,4,New Kramawirya
s_img_01165_aug2.png,ꦪꦔꦥꦮ,yangapawa,4,New Kramawirya
s_img_01165_aug3.png,ꦪꦔꦥꦮ,yangapawa,4,New Kramawirya
s_img_00304_aug1.png,ꦒꦫ,gara,2,Noto Sans Javanese Bold
s_img_00304_aug2.png,ꦒꦫ,gara,2,Noto Sans Javanese Bold
s_img_00304_aug3.png,ꦒꦫ,gara,2,Noto Sans Javanese Bold
s_img_00203_aug1.png,ꦏꦕꦮꦪꦥꦒ,kacawayapaga,6,Noto Sans Javanese Bold
s_img_00203_aug2.png,ꦏꦕꦮꦪꦥꦒ,kacawayapaga,6,Noto Sans Javanese Bold
s_img_00203_aug3.png,ꦏꦕꦮꦪꦥꦒ,kacawayapaga,6,Noto Sans Javanese Bold
s_img_01024_aug1.png,ꦩꦭꦲꦪꦭ,malahayala,5,Noto Sans Javanese Regular
s_img_01024_aug2.png,ꦩꦭꦲꦪꦭ,malahayala,5,Noto Sans Javanese Regular
s_img_01024_aug3.png,ꦩꦭꦲꦪꦭ,malahayala,5,Noto Sans Javanese Regular
s_img_00262_aug1.png,ꦪꦫꦩꦚꦕ,yaramanyaca,5,Noto Sans Javanese Regular
s_img_00262_aug2.png,ꦪꦫꦩꦚꦕ,yaramanyaca,5,Noto Sans Javanese Regular
s_img_00262_aug3.png,ꦪꦫꦩꦚꦕ,yaramanyaca,5,Noto Sans Javanese Regular
s_img_00193_aug1.png,ꦒꦲꦧꦚꦪ,gahabanyaya,5,Nawatura Beta
s_img_00193_aug2.png,ꦒꦲꦧꦚꦪ,gahabanyaya,5,Nawatura Beta
s_img_00193_aug3.png,ꦒꦲꦧꦚꦪ,gahabanyaya,5,Nawatura Beta
s_img_00646_aug1.png,ꦲꦏ,haka,2,Nayaka New
s_img_00646_aug2.png,ꦲꦏ,haka,2,Nayaka New
s_img_00646_aug3.png,ꦲꦏ,haka,2,Nayaka New
s_img_00744_aug1.png,ꦔꦛ,ngatha,2,Gumregah New FULL
s_img_00744_aug2.png,ꦔꦛ,ngatha,2,Gumregah New FULL
s_img_00744_aug3.png,ꦔꦛ,ngatha,2,Gumregah New FULL
s_img_00720_aug1.png,ꦝꦧꦗꦫꦩ,dhabajarama,5,CARAKAN JAWA
s_img_00720_aug2.png,ꦝꦧꦗꦫꦩ,dhabajarama,5,CARAKAN JAWA
s_img_00720_aug3.png,ꦝꦧꦗꦫꦩ,dhabajarama,5,CARAKAN JAWA
s_img_00867_aug1.png,ꦤꦏꦥ,nakapa,3,Nyk Ngayogyan Jejeg
s_img_00867_aug2.png,ꦤꦏꦥ,nakapa,3,Nyk Ngayogyan Jejeg
s_img_00867_aug3.png,ꦤꦏꦥ,nakapa,3,Nyk Ngayogyan Jejeg
s_img_00953_aug1.png,ꦧꦩꦮꦭꦛꦝ,bamawalathadha,6,Nyk Ngayogyan Jejeg
s_img_00953_aug2.png,ꦧꦩꦮꦭꦛꦝ,bamawalathadha,6,Nyk Ngayogyan Jejeg
s_img_00953_aug3.png,ꦧꦩꦮꦭꦛꦝ,bamawalathadha,6,Nyk Ngayogyan Jejeg
s_img_00419_aug1.png,ꦒꦗꦒꦤꦤꦤ,gajagananana,6,Nawatura Beta
s_img_00419_aug2.png,ꦒꦗꦒꦤꦤꦤ,gajagananana,6,Nawatura Beta
s_img_00419_aug3.png,ꦒꦗꦒꦤꦤꦤ,gajagananana,6,Nawatura Beta
s_img_00122_aug1.png,ꦪꦗꦛ,yajatha,3,New Kramawirya
s_img_00122_aug2.png,ꦪꦗꦛ,yajatha,3,New Kramawirya
s_img_00122_aug3.png,ꦪꦗꦛ,yajatha,3,New Kramawirya
s_img_00838_aug1.png,ꦧꦒꦝꦫ,bagadhara,4,Tuladha Jejeg
s_img_00838_aug2.png,ꦧꦒꦝꦫ,bagadhara,4,Tuladha Jejeg
s_img_00838_aug3.png,ꦧꦒꦝꦫ,bagadhara,4,Tuladha Jejeg
s_img_00340_aug1.png,ꦒꦝꦱꦗꦕ,gadhasajaca,5,Nyk Ngayogyan Jejeg
s_img_00340_aug2.png,ꦒꦝꦱꦗꦕ,gadhasajaca,5,Nyk Ngayogyan Jejeg
s_img_00340_aug3.png,ꦒꦝꦱꦗꦕ,gadhasajaca,5,Nyk Ngayogyan Jejeg
s_img_00031_aug1.png,ꦠꦏꦝꦢꦧꦒ,takadhadabaga,6,New Kramawirya
s_img_00031_aug2.png,ꦠꦏꦝꦢꦧꦒ,takadhadabaga,6,New Kramawirya
s_img_00031_aug3.png,ꦠꦏꦝꦢꦧꦒ,takadhadabaga,6,New Kramawirya
s_img_01138_aug1.png,ꦭꦚꦗ,lanyaja,3,New Kramawirya
s_img_01138_aug2.png,ꦭꦚꦗ,lanyaja,3,New Kramawirya
s_img_01138_aug3.png,ꦭꦚꦗ,lanyaja,3,New Kramawirya
s_img_00302_aug1.png,ꦛꦗꦒꦕꦗ,thajagacaja,5,Tuladha Jejeg
s_img_00302_aug2.png,ꦛꦗꦒꦕꦗ,thajagacaja,5,Tuladha Jejeg
s_img_00302_aug3.png,ꦛꦗꦒꦕꦗ,thajagacaja,5,Tuladha Jejeg
s_img_01104_aug1.png,ꦒꦮꦧꦩꦔꦏ,gawabamangaka,6,Nawatura Beta
s_img_01104_aug2.png,ꦒꦮꦧꦩꦔꦏ,gawabamangaka,6,Nawatura Beta
s_img_01104_aug3.png,ꦒꦮꦧꦩꦔꦏ,gawabamangaka,6,Nawatura Beta
s_img_00893_aug1.png,ꦧꦧꦕꦭꦠ,babacalata,5,Nayaka New
s_img_00893_aug2.png,ꦧꦧꦕꦭꦠ,babacalata,5,Nayaka New
s_img_00893_aug3.png,ꦧꦧꦕꦭꦠ,babacalata,5,Nayaka New
s_img_00572_aug1.png,ꦩꦝꦩꦫꦚꦚ,madhamaranyanya,6,New Kramawirya
s_img_00572_aug2.png,ꦩꦝꦩꦫꦚꦚ,madhamaranyanya,6,New Kramawirya
s_img_00572_aug3.png,ꦩꦝꦩꦫꦚꦚ,madhamaranyanya,6,New Kramawirya
s_img_00460_aug1.png,ꦛꦛꦲꦮ,thathahawa,4,Tuladha Jejeg
s_img_00460_aug2.png,ꦛꦛꦲꦮ,thathahawa,4,Tuladha Jejeg
s_img_00460_aug3.png,ꦛꦛꦲꦮ,thathahawa,4,Tuladha Jejeg
s_img_00829_aug1.png,ꦮꦤꦒꦱ,wanagasa,4,Nyk Ngayogyan New Italic
s_img_00829_aug2.png,ꦮꦤꦒꦱ,wanagasa,4,Nyk Ngayogyan New Italic
s_img_00829_aug3.png,ꦮꦤꦒꦱ,wanagasa,4,Nyk Ngayogyan New Italic
s_img_00649_aug1.png,ꦪꦮꦒꦕ,yawagaca,4,Noto Sans Javanese Regular
s_img_00649_aug2.png,ꦪꦮꦒꦕ,yawagaca,4,Noto Sans Javanese Regular
s_img_00649_aug3.png,ꦪꦮꦒꦕ,yawagaca,4,Noto Sans Javanese Regular
s_img_00320_aug1.png,ꦥꦔꦤꦥꦕ,panganapaca,5,Noto Sans Javanese Bold
s_img_00320_aug2.png,ꦥꦔꦤꦥꦕ,panganapaca,5,Noto Sans Javanese Bold
s_img_00320_aug3.png,ꦥꦔꦤꦥꦕ,panganapaca,5,Noto Sans Javanese Bold
s_img_00152_aug1.png,ꦮꦧꦲꦒꦠꦕ,wabahagataca,6,Gumregah New FULL
s_img_00152_aug2.png,ꦮꦧꦲꦒꦠꦕ,wabahagataca,6,Gumregah New FULL
s_img_00152_aug3.png,ꦮꦧꦲꦒꦠꦕ,wabahagataca,6,Gumregah New FULL
s_img_00630_aug1.png,ꦪꦥꦏꦱ,yapakasa,4,Nyk Ngayogyan Jejeg
s_img_00630_aug2.png,ꦪꦥꦏꦱ,yapakasa,4,Nyk Ngayogyan Jejeg
s_img_00630_aug3.png,ꦪꦥꦏꦱ,yapakasa,4,Nyk Ngayogyan Jejeg
s_img_00249_aug1.png,ꦱꦝꦫꦝꦧ,sadharadhaba,5,Nayaka New
s_img_00249_aug2.png,ꦱꦝꦫꦝꦧ,sadharadhaba,5,Nayaka New
s_img_00249_aug3.png,ꦱꦝꦫꦝꦧ,sadharadhaba,5,Nayaka New
s_img_00557_aug1.png,ꦥꦭꦩꦛꦱ,palamathasa,5,CARAKAN JAWA
s_img_00557_aug2.png,ꦥꦭꦩꦛꦱ,palamathasa,5,CARAKAN JAWA
s_img_00557_aug3.png,ꦥꦭꦩꦛꦱ,palamathasa,5,CARAKAN JAWA
s_img_00202_aug1.png,ꦧꦏꦗꦠꦔ,bakajatanga,5,Noto Sans Javanese Bold
s_img_00202_aug2.png,ꦧꦏꦗꦠꦔ,bakajatanga,5,Noto Sans Javanese Bold
s_img_00202_aug3.png,ꦧꦏꦗꦠꦔ,bakajatanga,5,Noto Sans Javanese Bold
s_img_00349_aug1.png,ꦏꦭꦪ,kalaya,3,New Kramawirya
s_img_00349_aug2.png,ꦏꦭꦪ,kalaya,3,New Kramawirya
s_img_00349_aug3.png,ꦏꦭꦪ,kalaya,3,New Kramawirya
s_img_01106_aug1.png,ꦮꦤꦚꦲꦕꦗ,wananyahacaja,6,Nyk Ngayogyan Jejeg
s_img_01106_aug2.png,ꦮꦤꦚꦲꦕꦗ,wananyahacaja,6,Nyk Ngayogyan Jejeg
s_img_01106_aug3.png,ꦮꦤꦚꦲꦕꦗ,wananyahacaja,6,Nyk Ngayogyan Jejeg
s_img_01190_aug1.png,ꦚꦤꦫꦒ,nyanaraga,4,Tuladha Jejeg
s_img_01190_aug2.png,ꦚꦤꦫꦒ,nyanaraga,4,Tuladha Jejeg
s_img_01190_aug3.png,ꦚꦤꦫꦒ,nyanaraga,4,Tuladha Jejeg
s_img_00223_aug1.png,ꦚꦮꦚ,nyawanya,3,Nawatura Beta
s_img_00223_aug2.png,ꦚꦮꦚ,nyawanya,3,Nawatura Beta
s_img_00223_aug3.png,ꦚꦮꦚ,nyawanya,3,Nawatura Beta
s_img_00793_aug1.png,ꦗꦒ,jaga,2,Nawatura Beta
s_img_00793_aug2.png,ꦗꦒ,jaga,2,Nawatura Beta
s_img_00793_aug3.png,ꦗꦒ,jaga,2,Nawatura Beta
s_img_00353_aug1.png,ꦒꦧꦲꦗꦩꦤ,gabahajamana,6,Noto Sans Javanese Regular
s_img_00353_aug2.png,ꦒꦧꦲꦗꦩꦤ,gabahajamana,6,Noto Sans Javanese Regular
s_img_00353_aug3.png,ꦒꦧꦲꦗꦩꦤ,gabahajamana,6,Noto Sans Javanese Regular
s_img_01184_aug1.png,ꦢꦫꦝꦤ,daradhana,4,Noto Sans Javanese Regular
s_img_01184_aug2.png,ꦢꦫꦝꦤ,daradhana,4,Noto Sans Javanese Regular
s_img_01184_aug3.png,ꦢꦫꦝꦤ,daradhana,4,Noto Sans Javanese Regular
s_img_00413_aug1.png,ꦮꦝꦗ,wadhaja,3,Nawatura Beta
s_img_00413_aug2.png,ꦮꦝꦗ,wadhaja,3,Nawatura Beta
s_img_00413_aug3.png,ꦮꦝꦗ,wadhaja,3,Nawatura Beta
s_img_00855_aug1.png,ꦮꦢꦭ,wadala,3,Gumregah New FULL
s_img_00855_aug2.png,ꦮꦢꦭ,wadala,3,Gumregah New FULL
s_img_00855_aug3.png,ꦮꦢꦭ,wadala,3,Gumregah New FULL
s_img_00718_aug1.png,ꦕꦝꦮ,cadhawa,3,CARAKAN JAWA
s_img_00718_aug2.png,ꦕꦝꦮ,cadhawa,3,CARAKAN JAWA
s_img_00718_aug3.png,ꦕꦝꦮ,cadhawa,3,CARAKAN JAWA
s_img_01078_aug1.png,ꦛꦛꦏꦫꦤꦚ,thathakarananya,6,Noto Sans Javanese Regular
s_img_01078_aug2.png,ꦛꦛꦏꦫꦤꦚ,thathakarananya,6,Noto Sans Javanese Regular
s_img_01078_aug3.png,ꦛꦛꦏꦫꦤꦚ,thathakarananya,6,Noto Sans Javanese Regular
s_img_00054_aug1.png,ꦕꦱ,casa,2,Tuladha Jejeg
s_img_00054_aug2.png,ꦕꦱ,casa,2,Tuladha Jejeg
s_img_00054_aug3.png,ꦕꦱ,casa,2,Tuladha Jejeg
s_img_00428_aug1.png,ꦤꦛꦫ,nathara,3,Nyk Ngayogyan New Italic
s_img_00428_aug2.png,ꦤꦛꦫ,nathara,3,Nyk Ngayogyan New Italic
s_img_00428_aug3.png,ꦤꦛꦫ,nathara,3,Nyk Ngayogyan New Italic
s_img_00410_aug1.png,ꦭꦩꦲꦕꦗ,lamahacaja,5,Nayaka New
s_img_00410_aug2.png,ꦭꦩꦲꦕꦗ,lamahacaja,5,Nayaka New
s_img_00410_aug3.png,ꦭꦩꦲꦕꦗ,lamahacaja,5,Nayaka New
s_img_00432_aug1.png,ꦩꦒꦗꦥ,magajapa,4,Tuladha Jejeg
s_img_00432_aug2.png,ꦩꦒꦗꦥ,magajapa,4,Tuladha Jejeg
s_img_00432_aug3.png,ꦩꦒꦗꦥ,magajapa,4,Tuladha Jejeg
s_img_00566_aug1.png,ꦪꦫꦲꦫ,yarahara,4,Tuladha Jejeg
s_img_00566_aug2.png,ꦪꦫꦲꦫ,yarahara,4,Tuladha Jejeg
s_img_00566_aug3.png,ꦪꦫꦲꦫ,yarahara,4,Tuladha Jejeg
s_img_00967_aug1.png,ꦫꦧꦕꦒꦭꦥ,rabacagalapa,6,New Kramawirya
s_img_00967_aug2.png,ꦫꦧꦕꦒꦭꦥ,rabacagalapa,6,New Kramawirya
s_img_00967_aug3.png,ꦫꦧꦕꦒꦭꦥ,rabacagalapa,6,New Kramawirya
s_img_01050_aug1.png,ꦫꦏꦩꦱꦥꦧ,rakamasapaba,6,CARAKAN JAWA
s_img_01050_aug2.png,ꦫꦏꦩꦱꦥꦧ,rakamasapaba,6,CARAKAN JAWA
s_img_01050_aug3.png,ꦫꦏꦩꦱꦥꦧ,rakamasapaba,6,CARAKAN JAWA
s_img_00458_aug1.png,ꦮꦗ,waja,2,Noto Sans Javanese Regular
s_img_00458_aug2.png,ꦮꦗ,waja,2,Noto Sans Javanese Regular
s_img_00458_aug3.png,ꦮꦗ,waja,2,Noto Sans Javanese Regular
s_img_00160_aug1.png,ꦧꦢ,bada,2,Nyk Ngayogyan Jejeg
s_img_00160_aug2.png,ꦧꦢ,bada,2,Nyk Ngayogyan Jejeg
s_img_00160_aug3.png,ꦧꦢ,bada,2,Nyk Ngayogyan Jejeg
s_img_00635_aug1.png,ꦒꦲ,gaha,2,Nawatura Beta
s_img_00635_aug2.png,ꦒꦲ,gaha,2,Nawatura Beta
s_img_00635_aug3.png,ꦒꦲ,gaha,2,Nawatura Beta
s_img_00667_aug1.png,ꦫꦠꦒꦱ,ratagasa,4,New Kramawirya
s_img_00667_aug2.png,ꦫꦠꦒꦱ,ratagasa,4,New Kramawirya
s_img_00667_aug3.png,ꦫꦠꦒꦱ,ratagasa,4,New Kramawirya
s_img_00009_aug1.png,ꦝꦔꦮꦤ,dhangawana,4,Tuladha Jejeg
s_img_00009_aug2.png,ꦝꦔꦮꦤ,dhangawana,4,Tuladha Jejeg
s_img_00009_aug3.png,ꦝꦔꦮꦤ,dhangawana,4,Tuladha Jejeg
s_img_00299_aug1.png,ꦛꦗꦪꦭꦫ,thajayalara,5,Noto Sans Javanese Bold
s_img_00299_aug2.png,ꦛꦗꦪꦭꦫ,thajayalara,5,Noto Sans Javanese Bold
s_img_00299_aug3.png,ꦛꦗꦪꦭꦫ,thajayalara,5,Noto Sans Javanese Bold
s_img_00912_aug1.png,ꦭꦏꦚꦒꦒꦕ,lakanyagagaca,6,Nayaka New
s_img_00912_aug2.png,ꦭꦏꦚꦒꦒꦕ,lakanyagagaca,6,Nayaka New
s_img_00912_aug3.png,ꦭꦏꦚꦒꦒꦕ,lakanyagagaca,6,Nayaka New
s_img_00627_aug1.png,ꦲꦔꦢꦚꦝꦠ,hangadanyadhata,6,New Kramawirya
s_img_00627_aug2.png,ꦲꦔꦢꦚꦝꦠ,hangadanyadhata,6,New Kramawirya
s_img_00627_aug3.png,ꦲꦔꦢꦚꦝꦠ,hangadanyadhata,6,New Kramawirya
s_img_00814_aug1.png,ꦏꦢ,kada,2,Nawatura Beta
s_img_00814_aug2.png,ꦏꦢ,kada,2,Nawatura Beta
s_img_00814_aug3.png,ꦏꦢ,kada,2,Nawatura Beta
s_img_00618_aug1.png,ꦕꦝꦢꦤ,cadhadana,4,Noto Sans Javanese Regular
s_img_00618_aug2.png,ꦕꦝꦢꦤ,cadhadana,4,Noto Sans Javanese Regular
s_img_00618_aug3.png,ꦕꦝꦢꦤ,cadhadana,4,Noto Sans Javanese Regular
s_img_00113_aug1.png,ꦱꦫꦚꦏꦚꦒ,saranyakanyaga,6,Gumregah New FULL
s_img_00113_aug2.png,ꦱꦫꦚꦏꦚꦒ,saranyakanyaga,6,Gumregah New FULL
s_img_00113_aug3.png,ꦱꦫꦚꦏꦚꦒ,saranyakanyaga,6,Gumregah New FULL
s_img_00894_aug1.png,ꦠꦪꦒꦏ,tayagaka,4,Gumregah New FULL
s_img_00894_aug2.png,ꦠꦪꦒꦏ,tayagaka,4,Gumregah New FULL
s_img_00894_aug3.png,ꦠꦪꦒꦏ,tayagaka,4,Gumregah New FULL
s_img_01019_aug1.png,ꦛꦪꦒꦧꦭ,thayagabala,5,New Kramawirya
s_img_01019_aug2.png,ꦛꦪꦒꦧꦭ,thayagabala,5,New Kramawirya
s_img_01019_aug3.png,ꦛꦪꦒꦧꦭ,thayagabala,5,New Kramawirya
s_img_00796_aug1.png,ꦥꦩꦝ,pamadha,3,Nyk Ngayogyan New Italic
s_img_00796_aug2.png,ꦥꦩꦝ,pamadha,3,Nyk Ngayogyan New Italic
s_img_00796_aug3.png,ꦥꦩꦝ,pamadha,3,Nyk Ngayogyan New Italic
s_img_00748_aug1.png,ꦩꦤꦢꦮꦗꦏ,manadawajaka,6,Gumregah New FULL
s_img_00748_aug2.png,ꦩꦤꦢꦮꦗꦏ,manadawajaka,6,Gumregah New FULL
s_img_00748_aug3.png,ꦩꦤꦢꦮꦗꦏ,manadawajaka,6,Gumregah New FULL
s_img_00094_aug1.png,ꦥꦪꦔꦒ,payangaga,4,New Kramawirya
s_img_00094_aug2.png,ꦥꦪꦔꦒ,payangaga,4,New Kramawirya
s_img_00094_aug3.png,ꦥꦪꦔꦒ,payangaga,4,New Kramawirya
s_img_00434_aug1.png,ꦝꦮꦔꦩꦠꦱ,dhawangamatasa,6,CARAKAN JAWA
s_img_00434_aug2.png,ꦝꦮꦔꦩꦠꦱ,dhawangamatasa,6,CARAKAN JAWA
s_img_00434_aug3.png,ꦝꦮꦔꦩꦠꦱ,dhawangamatasa,6,CARAKAN JAWA
s_img_00888_aug1.png,ꦭꦭ,lala,2,Tuladha Jejeg
s_img_00888_aug2.png,ꦭꦭ,lala,2,Tuladha Jejeg
s_img_00888_aug3.png,ꦭꦭ,lala,2,Tuladha Jejeg
s_img_00516_aug1.png,ꦒꦚꦝ,ganyadha,3,Nyk Ngayogyan New Italic
s_img_00516_aug2.png,ꦒꦚꦝ,ganyadha,3,Nyk Ngayogyan New Italic
s_img_00516_aug3.png,ꦒꦚꦝ,ganyadha,3,Nyk Ngayogyan New Italic
s_img_01180_aug1.png,ꦢꦛꦔꦗꦢꦔ,dathangajadanga,6,Nayaka New
s_img_01180_aug2.png,ꦢꦛꦔꦗꦢꦔ,dathangajadanga,6,Nayaka New
s_img_01180_aug3.png,ꦢꦛꦔꦗꦢꦔ,dathangajadanga,6,Nayaka New
s_img_00763_aug1.png,ꦛꦠꦱ,thatasa,3,Nawatura Beta
s_img_00763_aug2.png,ꦛꦠꦱ,thatasa,3,Nawatura Beta
s_img_00763_aug3.png,ꦛꦠꦱ,thatasa,3,Nawatura Beta
s_img_00680_aug1.png,ꦢꦲꦗꦚ,dahajanya,4,Gumregah New FULL
s_img_00680_aug2.png,ꦢꦲꦗꦚ,dahajanya,4,Gumregah New FULL
s_img_00680_aug3.png,ꦢꦲꦗꦚ,dahajanya,4,Gumregah New FULL
s_img_00002_aug1.png,ꦕꦛꦪꦤꦲꦕ,cathayanahaca,6,Gumregah New FULL
s_img_00002_aug2.png,ꦕꦛꦪꦤꦲꦕ,cathayanahaca,6,Gumregah New FULL
s_img_00002_aug3.png,ꦕꦛꦪꦤꦲꦕ,cathayanahaca,6,Gumregah New FULL
s_img_00926_aug1.png,ꦏꦢꦢ,kadada,3,Tuladha Jejeg
s_img_00926_aug2.png,ꦏꦢꦢ,kadada,3,Tuladha Jejeg
s_img_00926_aug3.png,ꦏꦢꦢ,kadada,3,Tuladha Jejeg
s_img_00644_aug1.png,ꦕꦭꦪꦱꦤꦱ,calayasanasa,6,Gumregah New FULL
s_img_00644_aug2.png,ꦕꦭꦪꦱꦤꦱ,calayasanasa,6,Gumregah New FULL
s_img_00644_aug3.png,ꦕꦭꦪꦱꦤꦱ,calayasanasa,6,Gumregah New FULL
s_img_01076_aug1.png,ꦲꦭꦱꦠ,halasata,4,Nayaka New
s_img_01076_aug2.png,ꦲꦭꦱꦠ,halasata,4,Nayaka New
s_img_01076_aug3.png,ꦲꦭꦱꦠ,halasata,4,Nayaka New
s_img_00805_aug1.png,ꦫꦒꦮꦔꦔ,ragawanganga,5,Tuladha Jejeg
s_img_00805_aug2.png,ꦫꦒꦮꦔꦔ,ragawanganga,5,Tuladha Jejeg
s_img_00805_aug3.png,ꦫꦒꦮꦔꦔ,ragawanganga,5,Tuladha Jejeg
s_img_00228_aug1.png,ꦛꦭꦭꦲ,thalalaha,4,New Kramawirya
s_img_00228_aug2.png,ꦛꦭꦭꦲ,thalalaha,4,New Kramawirya
s_img_00228_aug3.png,ꦛꦭꦭꦲ,thalalaha,4,New Kramawirya
s_img_00181_aug1.png,ꦔꦛꦭꦚ,ngathalanya,4,Nayaka New
s_img_00181_aug2.png,ꦔꦛꦭꦚ,ngathalanya,4,Nayaka New
s_img_00181_aug3.png,ꦔꦛꦭꦚ,ngathalanya,4,Nayaka New
s_img_00330_aug1.png,ꦗꦏꦢꦢꦔꦢ,jakadadangada,6,Nawatura Beta
s_img_00330_aug2.png,ꦗꦏꦢꦢꦔꦢ,jakadadangada,6,Nawatura Beta
s_img_00330_aug3.png,ꦗꦏꦢꦢꦔꦢ,jakadadangada,6,Nawatura Beta
s_img_00845_aug1.png,ꦏꦫꦗ,karaja,3,Noto Sans Javanese Bold
s_img_00845_aug2.png,ꦏꦫꦗ,karaja,3,Noto Sans Javanese Bold
s_img_00845_aug3.png,ꦏꦫꦗ,karaja,3,Noto Sans Javanese Bold
s_img_00578_aug1.png,ꦠꦚꦛꦪꦗꦲ,tanyathayajaha,6,Gumregah New FULL
s_img_00578_aug2.png,ꦠꦚꦛꦪꦗꦲ,tanyathayajaha,6,Gumregah New FULL
s_img_00578_aug3.png,ꦠꦚꦛꦪꦗꦲ,tanyathayajaha,6,Gumregah New FULL
s_img_00363_aug1.png,ꦝꦪ,dhaya,2,Nyk Ngayogyan Jejeg
s_img_00363_aug2.png,ꦝꦪ,dhaya,2,Nyk Ngayogyan Jejeg
s_img_00363_aug3.png,ꦝꦪ,dhaya,2,Nyk Ngayogyan Jejeg
s_img_00909_aug1.png,ꦲꦛꦛꦗꦛꦠ,hathathajathata,6,New Kramawirya
s_img_00909_aug2.png,ꦲꦛꦛꦗꦛꦠ,hathathajathata,6,New Kramawirya
s_img_00909_aug3.png,ꦲꦛꦛꦗꦛꦠ,hathathajathata,6,New Kramawirya
s_img_00284_aug1.png,ꦗꦪꦚ,jayanya,3,Nyk Ngayogyan Jejeg
s_img_00284_aug2.png,ꦗꦪꦚ,jayanya,3,Nyk Ngayogyan Jejeg
s_img_00284_aug3.png,ꦗꦪꦚ,jayanya,3,Nyk Ngayogyan Jejeg
s_img_00174_aug1.png,ꦢꦱ,dasa,2,Noto Sans Javanese Bold
s_img_00174_aug2.png,ꦢꦱ,dasa,2,Noto Sans Javanese Bold
s_img_00174_aug3.png,ꦢꦱ,dasa,2,Noto Sans Javanese Bold
s_img_00093_aug1.png,ꦔꦪ,ngaya,2,Nayaka New
s_img_00093_aug2.png,ꦔꦪ,ngaya,2,Nayaka New
s_img_00093_aug3.png,ꦔꦪ,ngaya,2,Nayaka New
s_img_00599_aug1.png,ꦤꦚꦮꦝ,nanyawadha,4,Tuladha Jejeg
s_img_00599_aug2.png,ꦤꦚꦮꦝ,nanyawadha,4,Tuladha Jejeg
s_img_00599_aug3.png,ꦤꦚꦮꦝ,nanyawadha,4,Tuladha Jejeg
s_img_00215_aug1.png,ꦤꦔꦕꦱꦭꦱ,nangacasalasa,6,Nawatura Beta
s_img_00215_aug2.png,ꦤꦔꦕꦱꦭꦱ,nangacasalasa,6,Nawatura Beta
s_img_00215_aug3.png,ꦤꦔꦕꦱꦭꦱ,nangacasalasa,6,Nawatura Beta
s_img_01188_aug1.png,ꦤꦚꦗ,nanyaja,3,Nyk Ngayogyan Jejeg
s_img_01188_aug2.png,ꦤꦚꦗ,nanyaja,3,Nyk Ngayogyan Jejeg
s_img_01188_aug3.png,ꦤꦚꦗ,nanyaja,3,Nyk Ngayogyan Jejeg
s_img_00045_aug1.png,ꦩꦠꦧꦏ,matabaka,4,Noto Sans Javanese Bold
s_img_00045_aug2.png,ꦩꦠꦧꦏ,matabaka,4,Noto Sans Javanese Bold
s_img_00045_aug3.png,ꦩꦠꦧꦏ,matabaka,4,Noto Sans Javanese Bold
s_img_00925_aug1.png,ꦢꦱꦕꦒꦮ,dasacagawa,5,Tuladha Jejeg
s_img_00925_aug2.png,ꦢꦱꦕꦒꦮ,dasacagawa,5,Tuladha Jejeg
s_img_00925_aug3.png,ꦢꦱꦕꦒꦮ,dasacagawa,5,Tuladha Jejeg
s_img_00039_aug1.png,ꦠꦭꦗꦝꦚꦒ,talajadhanyaga,6,New Kramawirya
s_img_00039_aug2.png,ꦠꦭꦗꦝꦚꦒ,talajadhanyaga,6,New Kramawirya
s_img_00039_aug3.png,ꦠꦭꦗꦝꦚꦒ,talajadhanyaga,6,New Kramawirya
s_img_00120_aug1.png,ꦪꦪ,yaya,2,CARAKAN JAWA
s_img_00120_aug2.png,ꦪꦪ,yaya,2,CARAKAN JAWA
s_img_00120_aug3.png,ꦪꦪ,yaya,2,CARAKAN JAWA
s_img_01095_aug1.png,ꦕꦫꦪꦪꦝꦝ,carayayadhadha,6,Noto Sans Javanese Bold
s_img_01095_aug2.png,ꦕꦫꦪꦪꦝꦝ,carayayadhadha,6,Noto Sans Javanese Bold
s_img_01095_aug3.png,ꦕꦫꦪꦪꦝꦝ,carayayadhadha,6,Noto Sans Javanese Bold
s_img_01130_aug1.png,ꦪꦲ,yaha,2,Nayaka New
s_img_01130_aug2.png,ꦪꦲ,yaha,2,Nayaka New
s_img_01130_aug3.png,ꦪꦲ,yaha,2,Nayaka New
s_img_00493_aug1.png,ꦥꦪꦪꦏꦭꦗ,payayakalaja,6,Nayaka New
s_img_00493_aug2.png,ꦥꦪꦪꦏꦭꦗ,payayakalaja,6,Nayaka New
s_img_00493_aug3.png,ꦥꦪꦪꦏꦭꦗ,payayakalaja,6,Nayaka New
s_img_00939_aug1.png,ꦏꦫꦲꦠꦒ,karahataga,5,Noto Sans Javanese Regular
s_img_00939_aug2.png,ꦏꦫꦲꦠꦒ,karahataga,5,Noto Sans Javanese Regular
s_img_00939_aug3.png,ꦏꦫꦲꦠꦒ,karahataga,5,Noto Sans Javanese Regular
s_img_00626_aug1.png,ꦏꦕꦒ,kacaga,3,Tuladha Jejeg
s_img_00626_aug2.png,ꦏꦕꦒ,kacaga,3,Tuladha Jejeg
s_img_00626_aug3.png,ꦏꦕꦒ,kacaga,3,Tuladha Jejeg
s_img_01057_aug1.png,ꦒꦗ,gaja,2,Tuladha Jejeg
s_img_01057_aug2.png,ꦒꦗ,gaja,2,Tuladha Jejeg
s_img_01057_aug3.png,ꦒꦗ,gaja,2,Tuladha Jejeg
s_img_00427_aug1.png,ꦩꦢꦒꦔꦗꦏ,madagangajaka,6,Nawatura Beta
s_img_00427_aug2.png,ꦩꦢꦒꦔꦗꦏ,madagangajaka,6,Nawatura Beta
s_img_00427_aug3.png,ꦩꦢꦒꦔꦗꦏ,madagangajaka,6,Nawatura Beta
s_img_00119_aug1.png,ꦗꦏꦠ,jakata,3,Noto Sans Javanese Bold
s_img_00119_aug2.png,ꦗꦏꦠ,jakata,3,Noto Sans Javanese Bold
s_img_00119_aug3.png,ꦗꦏꦠ,jakata,3,Noto Sans Javanese Bold
s_img_00512_aug1.png,ꦢꦝꦢꦏꦧ,dadhadakaba,5,Nyk Ngayogyan New Italic
s_img_00512_aug2.png,ꦢꦝꦢꦏꦧ,dadhadakaba,5,Nyk Ngayogyan New Italic
s_img_00512_aug3.png,ꦢꦝꦢꦏꦧ,dadhadakaba,5,Nyk Ngayogyan New Italic
s_img_00144_aug1.png,ꦧꦪꦝꦕ,bayadhaca,4,Nawatura Beta
s_img_00144_aug2.png,ꦧꦪꦝꦕ,bayadhaca,4,Nawatura Beta
s_img_00144_aug3.png,ꦧꦪꦝꦕ,bayadhaca,4,Nawatura Beta
s_img_00891_aug1.png,ꦭꦏꦭꦝꦲꦧ,lakaladhahaba,6,Nyk Ngayogyan Jejeg
s_img_00891_aug2.png,ꦭꦏꦭꦝꦲꦧ,lakaladhahaba,6,Nyk Ngayogyan Jejeg
s_img_00891_aug3.png,ꦭꦏꦭꦝꦲꦧ,lakaladhahaba,6,Nyk Ngayogyan Jejeg
s_img_00046_aug1.png,ꦛꦩꦱꦩꦪꦠ,thamasamayata,6,Nayaka New
s_img_00046_aug2.png,ꦛꦩꦱꦩꦪꦠ,thamasamayata,6,Nayaka New
s_img_00046_aug3.png,ꦛꦩꦱꦩꦪꦠ,thamasamayata,6,Nayaka New
s_img_00198_aug1.png,ꦱꦢꦭꦧꦲꦧ,sadalabahaba,6,CARAKAN JAWA
s_img_00198_aug2.png,ꦱꦢꦭꦧꦲꦧ,sadalabahaba,6,CARAKAN JAWA
s_img_00198_aug3.png,ꦱꦢꦭꦧꦲꦧ,sadalabahaba,6,CARAKAN JAWA
s_img_00692_aug1.png,ꦭꦩꦪ,lamaya,3,Nyk Ngayogyan New Italic
s_img_00692_aug2.png,ꦭꦩꦪ,lamaya,3,Nyk Ngayogyan New Italic
s_img_00692_aug3.png,ꦭꦩꦪ,lamaya,3,Nyk Ngayogyan New Italic
s_img_00032_aug1.png,ꦔꦥ,ngapa,2,Tuladha Jejeg
s_img_00032_aug2.png,ꦔꦥ,ngapa,2,Tuladha Jejeg
s_img_00032_aug3.png,ꦔꦥ,ngapa,2,Tuladha Jejeg
s_img_00341_aug1.png,ꦱꦲꦥꦫ,sahapara,4,CARAKAN JAWA
s_img_00341_aug2.png,ꦱꦲꦥꦫ,sahapara,4,CARAKAN JAWA
s_img_00341_aug3.png,ꦱꦲꦥꦫ,sahapara,4,CARAKAN JAWA
s_img_01026_aug1.png,ꦪꦗꦱꦢꦗꦗ,yajasadajaja,6,Nayaka New
s_img_01026_aug2.png,ꦪꦗꦱꦢꦗꦗ,yajasadajaja,6,Nayaka New
s_img_01026_aug3.png,ꦪꦗꦱꦢꦗꦗ,yajasadajaja,6,Nayaka New
s_img_00554_aug1.png,ꦥꦚꦥꦪꦔ,panyapayanga,5,Gumregah New FULL
s_img_00554_aug2.png,ꦥꦚꦥꦪꦔ,panyapayanga,5,Gumregah New FULL
s_img_00554_aug3.png,ꦥꦚꦥꦪꦔ,panyapayanga,5,Gumregah New FULL
s_img_00336_aug1.png,ꦤꦩꦝꦧ,namadhaba,4,Tuladha Jejeg
s_img_00336_aug2.png,ꦤꦩꦝꦧ,namadhaba,4,Tuladha Jejeg
s_img_00336_aug3.png,ꦤꦩꦝꦧ,namadhaba,4,Tuladha Jejeg
s_img_00913_aug1.png,ꦝꦒꦲꦱꦔ,dhagahasanga,5,Nayaka New
s_img_00913_aug2.png,ꦝꦒꦲꦱꦔ,dhagahasanga,5,Nayaka New
s_img_00913_aug3.png,ꦝꦒꦲꦱꦔ,dhagahasanga,5,Nayaka New
s_img_00761_aug1.png,ꦚꦢꦩꦛꦧꦝ,nyadamathabadha,6,Nyk Ngayogyan New Italic
s_img_00761_aug2.png,ꦚꦢꦩꦛꦧꦝ,nyadamathabadha,6,Nyk Ngayogyan New Italic
s_img_00761_aug3.png,ꦚꦢꦩꦛꦧꦝ,nyadamathabadha,6,Nyk Ngayogyan New Italic
s_img_00854_aug1.png,ꦫꦲꦗꦏꦤꦤ,rahajakanana,6,Nyk Ngayogyan New Italic
s_img_00854_aug2.png,ꦫꦲꦗꦏꦤꦤ,rahajakanana,6,Nyk Ngayogyan New Italic
s_img_00854_aug3.png,ꦫꦲꦗꦏꦤꦤ,rahajakanana,6,Nyk Ngayogyan New Italic
s_img_00011_aug1.png,ꦔꦝꦛꦠ,ngadhathata,4,CARAKAN JAWA
s_img_00011_aug2.png,ꦔꦝꦛꦠ,ngadhathata,4,CARAKAN JAWA
s_img_00011_aug3.png,ꦔꦝꦛꦠ,ngadhathata,4,CARAKAN JAWA
s_img_01055_aug1.png,ꦧꦢꦕꦒꦏꦚ,badacagakanya,6,Nyk Ngayogyan Jejeg
s_img_01055_aug2.png,ꦧꦢꦕꦒꦏꦚ,badacagakanya,6,Nyk Ngayogyan Jejeg
s_img_01055_aug3.png,ꦧꦢꦕꦒꦏꦚ,badacagakanya,6,Nyk Ngayogyan Jejeg
s_img_00025_aug1.png,ꦢꦪꦔ,dayanga,3,Nawatura Beta
s_img_00025_aug2.png,ꦢꦪꦔ,dayanga,3,Nawatura Beta
s_img_00025_aug3.png,ꦢꦪꦔ,dayanga,3,Nawatura Beta
s_img_00623_aug1.png,ꦏꦩꦕꦱꦗ,kamacasaja,5,Tuladha Jejeg
s_img_00623_aug2.png,ꦏꦩꦕꦱꦗ,kamacasaja,5,Tuladha Jejeg
s_img_00623_aug3.png,ꦏꦩꦕꦱꦗ,kamacasaja,5,Tuladha Jejeg
s_img_00983_aug1.png,ꦩꦢꦒꦮ,madagawa,4,Nawatura Beta
s_img_00983_aug2.png,ꦩꦢꦒꦮ,madagawa,4,Nawatura Beta
s_img_00983_aug3.png,ꦩꦢꦒꦮ,madagawa,4,Nawatura Beta
s_img_00004_aug1.png,ꦧꦠ,bata,2,Nyk Ngayogyan New Italic
s_img_00004_aug2.png,ꦧꦠ,bata,2,Nyk Ngayogyan New Italic
s_img_00004_aug3.png,ꦧꦠ,bata,2,Nyk Ngayogyan New Italic
s_img_01005_aug1.png,ꦛꦗꦕꦕꦢꦥ,thajacacadapa,6,CARAKAN JAWA
s_img_01005_aug2.png,ꦛꦗꦕꦕꦢꦥ,thajacacadapa,6,CARAKAN JAWA
s_img_01005_aug3.png,ꦛꦗꦕꦕꦢꦥ,thajacacadapa,6,CARAKAN JAWA
s_img_01040_aug1.png,ꦚꦱꦤꦠꦚ,nyasanatanya,5,CARAKAN JAWA
s_img_01040_aug2.png,ꦚꦱꦤꦠꦚ,nyasanatanya,5,CARAKAN JAWA
s_img_01040_aug3.png,ꦚꦱꦤꦠꦚ,nyasanatanya,5,CARAKAN JAWA
s_img_00970_aug1.png,ꦥꦚꦚ,panyanya,3,Nayaka New
s_img_00970_aug2.png,ꦥꦚꦚ,panyanya,3,Nayaka New
s_img_00970_aug3.png,ꦥꦚꦚ,panyanya,3,Nayaka New
s_img_00614_aug1.png,ꦥꦤꦤꦫꦚ,pananaranya,5,Tuladha Jejeg
s_img_00614_aug2.png,ꦥꦤꦤꦫꦚ,pananaranya,5,Tuladha Jejeg
s_img_00614_aug3.png,ꦥꦤꦤꦫꦚ,pananaranya,5,Tuladha Jejeg
s_img_00874_aug1.png,ꦔꦔꦱ,ngangasa,3,Nawatura Beta
s_img_00874_aug2.png,ꦔꦔꦱ,ngangasa,3,Nawatura Beta
s_img_00874_aug3.png,ꦔꦔꦱ,ngangasa,3,Nawatura Beta
s_img_00014_aug1.png,ꦚꦝꦢꦝ,nyadhadadha,4,Noto Sans Javanese Bold
s_img_00014_aug2.png,ꦚꦝꦢꦝ,nyadhadadha,4,Noto Sans Javanese Bold
s_img_00014_aug3.png,ꦚꦝꦢꦝ,nyadhadadha,4,Noto Sans Javanese Bold
s_img_00406_aug1.png,ꦚꦫꦮ,nyarawa,3,Nayaka New
s_img_00406_aug2.png,ꦚꦫꦮ,nyarawa,3,Nayaka New
s_img_00406_aug3.png,ꦚꦫꦮ,nyarawa,3,Nayaka New
s_img_00754_aug1.png,ꦕꦠꦚꦠꦪꦩ,catanyatayama,6,Gumregah New FULL
s_img_00754_aug2.png,ꦕꦠꦚꦠꦪꦩ,catanyatayama,6,Gumregah New FULL
s_img_00754_aug3.png,ꦕꦠꦚꦠꦪꦩ,catanyatayama,6,Gumregah New FULL
s_img_00995_aug1.png,ꦢꦪ,daya,2,Nayaka New
s_img_00995_aug2.png,ꦢꦪ,daya,2,Nayaka New
s_img_00995_aug3.png,ꦢꦪ,daya,2,Nayaka New
s_img_00058_aug1.png,ꦧꦩꦏꦠꦭ,bamakatala,5,Nayaka New
s_img_00058_aug2.png,ꦧꦩꦏꦠꦭ,bamakatala,5,Nayaka New
s_img_00058_aug3.png,ꦧꦩꦏꦠꦭ,bamakatala,5,Nayaka New
s_img_00585_aug1.png,ꦫꦢꦝꦏ,radadhaka,4,Nawatura Beta
s_img_00585_aug2.png,ꦫꦢꦝꦏ,radadhaka,4,Nawatura Beta
s_img_00585_aug3.png,ꦫꦢꦝꦏ,radadhaka,4,Nawatura Beta
s_img_00802_aug1.png,ꦫꦲ,raha,2,Gumregah New FULL
s_img_00802_aug2.png,ꦫꦲ,raha,2,Gumregah New FULL
s_img_00802_aug3.png,ꦫꦲ,raha,2,Gumregah New FULL
s_img_00799_aug1.png,ꦛꦒ,thaga,2,Noto Sans Javanese Bold
s_img_00799_aug2.png,ꦛꦒ,thaga,2,Noto Sans Javanese Bold
s_img_00799_aug3.png,ꦛꦒ,thaga,2,Noto Sans Javanese Bold
s_img_00738_aug1.png,ꦕꦗꦤꦒ,cajanaga,4,New Kramawirya
s_img_00738_aug2.png,ꦕꦗꦤꦒ,cajanaga,4,New Kramawirya
s_img_00738_aug3.png,ꦕꦗꦤꦒ,cajanaga,4,New Kramawirya
s_img_00943_aug1.png,ꦪꦝꦤꦒꦪꦱ,yadhanagayasa,6,Nayaka New
s_img_00943_aug2.png,ꦪꦝꦤꦒꦪꦱ,yadhanagayasa,6,Nayaka New
s_img_00943_aug3.png,ꦪꦝꦤꦒꦪꦱ,yadhanagayasa,6,Nayaka New
s_img_01089_aug1.png,ꦪꦭꦗ,yalaja,3,CARAKAN JAWA
s_img_01089_aug2.png,ꦪꦭꦗ,yalaja,3,CARAKAN JAWA
s_img_01089_aug3.png,ꦪꦭꦗ,yalaja,3,CARAKAN JAWA
s_img_01017_aug1.png,ꦩꦚꦧꦮ,manyabawa,4,Nyk Ngayogyan Jejeg
s_img_01017_aug2.png,ꦩꦚꦧꦮ,manyabawa,4,Nyk Ngayogyan Jejeg
s_img_01017_aug3.png,ꦩꦚꦧꦮ,manyabawa,4,Nyk Ngayogyan Jejeg
s_img_00997_aug1.png,ꦮꦧꦛꦤ,wabathana,4,Noto Sans Javanese Regular
s_img_00997_aug2.png,ꦮꦧꦛꦤ,wabathana,4,Noto Sans Javanese Regular
s_img_00997_aug3.png,ꦮꦧꦛꦤ,wabathana,4,Noto Sans Javanese Regular
s_img_01022_aug1.png,ꦲꦲꦒꦏ,hahagaka,4,Nyk Ngayogyan Jejeg
s_img_01022_aug2.png,ꦲꦲꦒꦏ,hahagaka,4,Nyk Ngayogyan Jejeg
s_img_01022_aug3.png,ꦲꦲꦒꦏ,hahagaka,4,Nyk Ngayogyan Jejeg
s_img_01133_aug1.png,ꦩꦥꦚꦱꦪꦗ,mapanyasayaja,6,Nyk Ngayogyan Jejeg
s_img_01133_aug2.png,ꦩꦥꦚꦱꦪꦗ,mapanyasayaja,6,Nyk Ngayogyan Jejeg
s_img_01133_aug3.png,ꦩꦥꦚꦱꦪꦗ,mapanyasayaja,6,Nyk Ngayogyan Jejeg
s_img_00539_aug1.png,ꦗꦏꦗ,jakaja,3,Nyk Ngayogyan New Italic
s_img_00539_aug2.png,ꦗꦏꦗ,jakaja,3,Nyk Ngayogyan New Italic
s_img_00539_aug3.png,ꦗꦏꦗ,jakaja,3,Nyk Ngayogyan New Italic
s_img_01152_aug1.png,ꦚꦪꦚꦕꦔ,nyayanyacanga,5,Gumregah New FULL
s_img_01152_aug2.png,ꦚꦪꦚꦕꦔ,nyayanyacanga,5,Gumregah New FULL
s_img_01152_aug3.png,ꦚꦪꦚꦕꦔ,nyayanyacanga,5,Gumregah New FULL
s_img_00731_aug1.png,ꦩꦩꦮꦕꦧ,mamawacaba,5,New Kramawirya
s_img_00731_aug2.png,ꦩꦩꦮꦕꦧ,mamawacaba,5,New Kramawirya
s_img_00731_aug3.png,ꦩꦩꦮꦕꦧ,mamawacaba,5,New Kramawirya
s_img_01177_aug1.png,ꦧꦥꦚꦪꦤ,bapanyayana,5,Nyk Ngayogyan New Italic
s_img_01177_aug2.png,ꦧꦥꦚꦪꦤ,bapanyayana,5,Nyk Ngayogyan New Italic
s_img_01177_aug3.png,ꦧꦥꦚꦪꦤ,bapanyayana,5,Nyk Ngayogyan New Italic
s_img_00307_aug1.png,ꦢꦔꦏ,dangaka,3,Tuladha Jejeg
s_img_00307_aug2.png,ꦢꦔꦏ,dangaka,3,Tuladha Jejeg
s_img_00307_aug3.png,ꦢꦔꦏ,dangaka,3,Tuladha Jejeg
s_img_00187_aug1.png,ꦛꦤꦢꦩ,thanadama,4,Nawatura Beta
s_img_00187_aug2.png,ꦛꦤꦢꦩ,thanadama,4,Nawatura Beta
s_img_00187_aug3.png,ꦛꦤꦢꦩ,thanadama,4,Nawatura Beta
s_img_00378_aug1.png,ꦥꦮꦱꦫꦲ,pawasaraha,5,Noto Sans Javanese Regular
s_img_00378_aug2.png,ꦥꦮꦱꦫꦲ,pawasaraha,5,Noto Sans Javanese Regular
s_img_00378_aug3.png,ꦥꦮꦱꦫꦲ,pawasaraha,5,Noto Sans Javanese Regular
s_img_00908_aug1.png,ꦕꦲ,caha,2,Nawatura Beta
s_img_00908_aug2.png,ꦕꦲ,caha,2,Nawatura Beta
s_img_00908_aug3.png,ꦕꦲ,caha,2,Nawatura Beta
s_img_01081_aug1.png,ꦛꦠꦕꦥꦩ,thatacapama,5,Nayaka New
s_img_01081_aug2.png,ꦛꦠꦕꦥꦩ,thatacapama,5,Nayaka New
s_img_01081_aug3.png,ꦛꦠꦕꦥꦩ,thatacapama,5,Nayaka New
s_img_00443_aug1.png,ꦱꦤꦒ,sanaga,3,Nyk Ngayogyan New Italic
s_img_00443_aug2.png,ꦱꦤꦒ,sanaga,3,Nyk Ngayogyan New Italic
s_img_00443_aug3.png,ꦱꦤꦒ,sanaga,3,Nyk Ngayogyan New Italic
s_img_00289_aug1.png,ꦠꦒꦫꦝ,tagaradha,4,Nyk Ngayogyan New Italic
s_img_00289_aug2.png,ꦠꦒꦫꦝ,tagaradha,4,Nyk Ngayogyan New Italic
s_img_00289_aug3.png,ꦠꦒꦫꦝ,tagaradha,4,Nyk Ngayogyan New Italic
s_img_01156_aug1.png,ꦤꦛꦔ,nathanga,3,Nawatura Beta
s_img_01156_aug2.png,ꦤꦛꦔ,nathanga,3,Nawatura Beta
s_img_01156_aug3.png,ꦤꦛꦔ,nathanga,3,Nawatura Beta
s_img_01028_aug1.png,ꦒꦔꦮ,gangawa,3,Nayaka New
s_img_01028_aug2.png,ꦒꦔꦮ,gangawa,3,Nayaka New
s_img_01028_aug3.png,ꦒꦔꦮ,gangawa,3,Nayaka New
s_img_00727_aug1.png,ꦭꦭꦱꦫ,lalasara,4,Nawatura Beta
s_img_00727_aug2.png,ꦭꦭꦱꦫ,lalasara,4,Nawatura Beta
s_img_00727_aug3.png,ꦭꦭꦱꦫ,lalasara,4,Nawatura Beta
s_img_00977_aug1.png,ꦠꦩꦠ,tamata,3,Nyk Ngayogyan Jejeg
s_img_00977_aug2.png,ꦠꦩꦠ,tamata,3,Nyk Ngayogyan Jejeg
s_img_00977_aug3.png,ꦠꦩꦠ,tamata,3,Nyk Ngayogyan Jejeg
s_img_00697_aug1.png,ꦔꦱꦲꦮ,ngasahawa,4,Gumregah New FULL
s_img_00697_aug2.png,ꦔꦱꦲꦮ,ngasahawa,4,Gumregah New FULL
s_img_00697_aug3.png,ꦔꦱꦲꦮ,ngasahawa,4,Gumregah New FULL
s_img_00348_aug1.png,ꦒꦛ,gatha,2,New Kramawirya
s_img_00348_aug2.png,ꦒꦛ,gatha,2,New Kramawirya
s_img_00348_aug3.png,ꦒꦛ,gatha,2,New Kramawirya
s_img_00852_aug1.png,ꦫꦝꦧꦩ,radhabama,4,Noto Sans Javanese Bold
s_img_00852_aug2.png,ꦫꦝꦧꦩ,radhabama,4,Noto Sans Javanese Bold
s_img_00852_aug3.png,ꦫꦝꦧꦩ,radhabama,4,Noto Sans Javanese Bold
s_img_00655_aug1.png,ꦏꦢꦤꦧꦪ,kadanabaya,5,Nawatura Beta
s_img_00655_aug2.png,ꦏꦢꦤꦧꦪ,kadanabaya,5,Nawatura Beta
s_img_00655_aug3.png,ꦏꦢꦤꦧꦪ,kadanabaya,5,Nawatura Beta
s_img_00535_aug1.png,ꦲꦮꦚꦩ,hawanyama,4,Tuladha Jejeg
s_img_00535_aug2.png,ꦲꦮꦚꦩ,hawanyama,4,Tuladha Jejeg
s_img_00535_aug3.png,ꦲꦮꦚꦩ,hawanyama,4,Tuladha Jejeg
s_img_00886_aug1.png,ꦧꦲ,baha,2,Gumregah New FULL
s_img_00886_aug2.png,ꦧꦲ,baha,2,Gumregah New FULL
s_img_00886_aug3.png,ꦧꦲ,baha,2,Gumregah New FULL
s_img_00699_aug1.png,ꦛꦱꦢꦫ,thasadara,4,New Kramawirya
s_img_00699_aug2.png,ꦛꦱꦢꦫ,thasadara,4,New Kramawirya
s_img_00699_aug3.png,ꦛꦱꦢꦫ,thasadara,4,New Kramawirya
s_img_00952_aug1.png,ꦧꦧꦩꦢꦝ,babamadadha,5,New Kramawirya
s_img_00952_aug2.png,ꦧꦧꦩꦢꦝ,babamadadha,5,New Kramawirya
s_img_00952_aug3.png,ꦧꦧꦩꦢꦝ,babamadadha,5,New Kramawirya
s_img_00000_aug1.png,ꦲꦮ,hawa,2,Nyk Ngayogyan New Italic
s_img_00000_aug2.png,ꦲꦮ,hawa,2,Nyk Ngayogyan New Italic
s_img_00000_aug3.png,ꦲꦮ,hawa,2,Nyk Ngayogyan New Italic
s_img_00314_aug1.png,ꦔꦔ,nganga,2,Nyk Ngayogyan New Italic
s_img_00314_aug2.png,ꦔꦔ,nganga,2,Nyk Ngayogyan New Italic
s_img_00314_aug3.png,ꦔꦔ,nganga,2,Nyk Ngayogyan New Italic
s_img_00225_aug1.png,ꦕꦚꦝ,canyadha,3,Nyk Ngayogyan New Italic
s_img_00225_aug2.png,ꦕꦚꦝ,canyadha,3,Nyk Ngayogyan New Italic
s_img_00225_aug3.png,ꦕꦚꦝ,canyadha,3,Nyk Ngayogyan New Italic
s_img_00543_aug1.png,ꦧꦧꦒꦪꦫ,babagayara,5,Gumregah New FULL
s_img_00543_aug2.png,ꦧꦧꦒꦪꦫ,babagayara,5,Gumregah New FULL
s_img_00543_aug3.png,ꦧꦧꦒꦪꦫ,babagayara,5,Gumregah New FULL
s_img_00633_aug1.png,ꦒꦠꦗꦭꦤꦱ,gatajalanasa,6,Gumregah New FULL
s_img_00633_aug2.png,ꦒꦠꦗꦭꦤꦱ,gatajalanasa,6,Gumregah New FULL
s_img_00633_aug3.png,ꦒꦠꦗꦭꦤꦱ,gatajalanasa,6,Gumregah New FULL
s_img_01181_aug1.png,ꦮꦪ,waya,2,Nyk Ngayogyan Jejeg
s_img_01181_aug2.png,ꦮꦪ,waya,2,Nyk Ngayogyan Jejeg
s_img_01181_aug3.png,ꦮꦪ,waya,2,Nyk Ngayogyan Jejeg
s_img_00813_aug1.png,ꦪꦫꦫꦤ,yararana,4,Nyk Ngayogyan Jejeg
s_img_00813_aug2.png,ꦪꦫꦫꦤ,yararana,4,Nyk Ngayogyan Jejeg
s_img_00813_aug3.png,ꦪꦫꦫꦤ,yararana,4,Nyk Ngayogyan Jejeg
s_img_00411_aug1.png,ꦚꦱꦠꦛꦝꦤ,nyasatathadhana,6,Nyk Ngayogyan New Italic
s_img_00411_aug2.png,ꦚꦱꦠꦛꦝꦤ,nyasatathadhana,6,Nyk Ngayogyan New Italic
s_img_00411_aug3.png,ꦚꦱꦠꦛꦝꦤ,nyasatathadhana,6,Nyk Ngayogyan New Italic
s_img_01173_aug1.png,ꦕꦭꦭꦒ,calalaga,4,Noto Sans Javanese Regular
s_img_01173_aug2.png,ꦕꦭꦭꦒ,calalaga,4,Noto Sans Javanese Regular
s_img_01173_aug3.png,ꦕꦭꦭꦒ,calalaga,4,Noto Sans Javanese Regular
s_img_01091_aug1.png,ꦛꦤꦧꦗꦮ,thanabajawa,5,Noto Sans Javanese Regular
s_img_01091_aug2.png,ꦛꦤꦧꦗꦮ,thanabajawa,5,Noto Sans Javanese Regular
s_img_01091_aug3.png,ꦛꦤꦧꦗꦮ,thanabajawa,5,Noto Sans Javanese Regular
s_img_00211_aug1.png,ꦚꦫ,nyara,2,New Kramawirya
s_img_00211_aug2.png,ꦚꦫ,nyara,2,New Kramawirya
s_img_00211_aug3.png,ꦚꦫ,nyara,2,New Kramawirya
s_img_00217_aug1.png,ꦚꦢ,nyada,2,Tuladha Jejeg
s_img_00217_aug2.png,ꦚꦢ,nyada,2,Tuladha Jejeg
s_img_00217_aug3.png,ꦚꦢ,nyada,2,Tuladha Jejeg
s_img_00817_aug1.png,ꦫꦗꦗ,rajaja,3,Tuladha Jejeg
s_img_00817_aug2.png,ꦫꦗꦗ,rajaja,3,Tuladha Jejeg
s_img_00817_aug3.png,ꦫꦗꦗ,rajaja,3,Tuladha Jejeg
s_img_00653_aug1.png,ꦱꦒ,saga,2,Nyk Ngayogyan Jejeg
s_img_00653_aug2.png,ꦱꦒ,saga,2,Nyk Ngayogyan Jejeg
s_img_00653_aug3.png,ꦱꦒ,saga,2,Nyk Ngayogyan Jejeg
s_img_00315_aug1.png,ꦗꦚꦛꦧꦤꦚ,janyathabananya,6,Nawatura Beta
s_img_00315_aug2.png,ꦗꦚꦛꦧꦤꦚ,janyathabananya,6,Nawatura Beta
s_img_00315_aug3.png,ꦗꦚꦛꦧꦤꦚ,janyathabananya,6,Nawatura Beta
s_img_01194_aug1.png,ꦫꦲꦔꦧ,rahangaba,4,Noto Sans Javanese Regular
s_img_01194_aug2.png,ꦫꦲꦔꦧ,rahangaba,4,Noto Sans Javanese Regular
s_img_01194_aug3.png,ꦫꦲꦔꦧ,rahangaba,4,Noto Sans Javanese Regular
s_img_00451_aug1.png,ꦫꦥꦭꦚꦧꦒ,rapalanyabaga,6,New Kramawirya
s_img_00451_aug2.png,ꦫꦥꦭꦚꦧꦒ,rapalanyabaga,6,New Kramawirya
s_img_00451_aug3.png,ꦫꦥꦭꦚꦧꦒ,rapalanyabaga,6,New Kramawirya
s_img_00121_aug1.png,ꦧꦚꦪꦤ,banyayana,4,Nyk Ngayogyan New Italic
s_img_00121_aug2.png,ꦧꦚꦪꦤ,banyayana,4,Nyk Ngayogyan New Italic
s_img_00121_aug3.png,ꦧꦚꦪꦤ,banyayana,4,Nyk Ngayogyan New Italic
s_img_00362_aug1.png,ꦥꦮ,pawa,2,Nawatura Beta
s_img_00362_aug2.png,ꦥꦮ,pawa,2,Nawatura Beta
s_img_00362_aug3.png,ꦥꦮ,pawa,2,Nawatura Beta
s_img_00167_aug1.png,ꦮꦩ,wama,2,New Kramawirya
s_img_00167_aug2.png,ꦮꦩ,wama,2,New Kramawirya
s_img_00167_aug3.png,ꦮꦩ,wama,2,New Kramawirya
s_img_00136_aug1.png,ꦛꦠ,thata,2,Tuladha Jejeg
s_img_00136_aug2.png,ꦛꦠ,thata,2,Tuladha Jejeg
s_img_00136_aug3.png,ꦛꦠ,thata,2,Tuladha Jejeg
s_img_00192_aug1.png,ꦕꦥꦮꦥꦫ,capawapara,5,Noto Sans Javanese Regular
s_img_00192_aug2.png,ꦕꦥꦮꦥꦫ,capawapara,5,Noto Sans Javanese Regular
s_img_00192_aug3.png,ꦕꦥꦮꦥꦫ,capawapara,5,Noto Sans Javanese Regular
s_img_00832_aug1.png,ꦲꦫꦗꦪꦤ,harajayana,5,Nyk Ngayogyan Jejeg
s_img_00832_aug2.png,ꦲꦫꦗꦪꦤ,harajayana,5,Nyk Ngayogyan Jejeg
s_img_00832_aug3.png,ꦲꦫꦗꦪꦤ,harajayana,5,Nyk Ngayogyan Jejeg
s_img_00562_aug1.png,ꦕꦚꦔꦩꦛ,canyangamatha,5,CARAKAN JAWA
s_img_00562_aug2.png,ꦕꦚꦔꦩꦛ,canyangamatha,5,CARAKAN JAWA
s_img_00562_aug3.png,ꦕꦚꦔꦩꦛ,canyangamatha,5,CARAKAN JAWA
s_img_00386_aug1.png,ꦛꦝꦚꦧꦏꦔ,thadhanyabakanga,6,Gumregah New FULL
s_img_00386_aug2.png,ꦛꦝꦚꦧꦏꦔ,thadhanyabakanga,6,Gumregah New FULL
s_img_00386_aug3.png,ꦛꦝꦚꦧꦏꦔ,thadhanyabakanga,6,Gumregah New FULL
s_img_00520_aug1.png,ꦫꦒ,raga,2,Noto Sans Javanese Bold
s_img_00520_aug2.png,ꦫꦒ,raga,2,Noto Sans Javanese Bold
s_img_00520_aug3.png,ꦫꦒ,raga,2,Noto Sans Javanese Bold
s_img_00880_aug1.png,ꦠꦠ,tata,2,Nayaka New
s_img_00880_aug2.png,ꦠꦠ,tata,2,Nayaka New
s_img_00880_aug3.png,ꦠꦠ,tata,2,Nayaka New
s_img_01168_aug1.png,ꦭꦠꦲ,lataha,3,Nayaka New
s_img_01168_aug2.png,ꦭꦠꦲ,lataha,3,Nayaka New
s_img_01168_aug3.png,ꦭꦠꦲ,lataha,3,Nayaka New
s_img_00097_aug1.png,ꦒꦧ,gaba,2,Nyk Ngayogyan Jejeg
s_img_00097_aug2.png,ꦒꦧ,gaba,2,Nyk Ngayogyan Jejeg
s_img_00097_aug3.png,ꦒꦧ,gaba,2,Nyk Ngayogyan Jejeg
s_img_00399_aug1.png,ꦛꦪꦔ,thayanga,3,Noto Sans Javanese Bold
s_img_00399_aug2.png,ꦛꦪꦔ,thayanga,3,Noto Sans Javanese Bold
s_img_00399_aug3.png,ꦛꦪꦔ,thayanga,3,Noto Sans Javanese Bold
s_img_00210_aug1.png,ꦒꦛꦥ,gathapa,3,Noto Sans Javanese Regular
s_img_00210_aug2.png,ꦒꦛꦥ,gathapa,3,Noto Sans Javanese Regular
s_img_00210_aug3.png,ꦒꦛꦥ,gathapa,3,Noto Sans Javanese Regular
s_img_00017_aug1.png,ꦗꦮꦧꦱꦥ,jawabasapa,5,Nyk Ngayogyan New Italic
s_img_00017_aug2.png,ꦗꦮꦧꦱꦥ,jawabasapa,5,Nyk Ngayogyan New Italic
s_img_00017_aug3.png,ꦗꦮꦧꦱꦥ,jawabasapa,5,Nyk Ngayogyan New Italic
s_img_00453_aug1.png,ꦥꦢ,pada,2,New Kramawirya
s_img_00453_aug2.png,ꦥꦢ,pada,2,New Kramawirya
s_img_00453_aug3.png,ꦥꦢ,pada,2,New Kramawirya
s_img_00293_aug1.png,ꦠꦏꦮꦭ,takawala,4,CARAKAN JAWA
s_img_00293_aug2.png,ꦠꦏꦮꦭ,takawala,4,CARAKAN JAWA
s_img_00293_aug3.png,ꦠꦏꦮꦭ,takawala,4,CARAKAN JAWA
s_img_00172_aug1.png,ꦭꦛꦪꦭꦛ,lathayalatha,5,Tuladha Jejeg
s_img_00172_aug2.png,ꦭꦛꦪꦭꦛ,lathayalatha,5,Tuladha Jejeg
s_img_00172_aug3.png,ꦭꦛꦪꦭꦛ,lathayalatha,5,Tuladha Jejeg
s_img_00811_aug1.png,ꦮꦱ,wasa,2,Noto Sans Javanese Bold
s_img_00811_aug2.png,ꦮꦱ,wasa,2,Noto Sans Javanese Bold
s_img_00811_aug3.png,ꦮꦱ,wasa,2,Noto Sans Javanese Bold
s_img_01010_aug1.png,ꦮꦕꦠ,wacata,3,Nawatura Beta
s_img_01010_aug2.png,ꦮꦕꦠ,wacata,3,Nawatura Beta
s_img_01010_aug3.png,ꦮꦕꦠ,wacata,3,Nawatura Beta
s_img_00324_aug1.png,ꦭꦧ,laba,2,CARAKAN JAWA
s_img_00324_aug2.png,ꦭꦧ,laba,2,CARAKAN JAWA
s_img_00324_aug3.png,ꦭꦧ,laba,2,CARAKAN JAWA
s_img_01109_aug1.png,ꦔꦧꦕꦢꦠ,ngabacadata,5,CARAKAN JAWA
s_img_01109_aug2.png,ꦔꦧꦕꦢꦠ,ngabacadata,5,CARAKAN JAWA
s_img_01109_aug3.png,ꦔꦧꦕꦢꦠ,ngabacadata,5,CARAKAN JAWA
s_img_00774_aug1.png,ꦪꦗꦗꦤ,yajajana,4,Noto Sans Javanese Regular
s_img_00774_aug2.png,ꦪꦗꦗꦤ,yajajana,4,Noto Sans Javanese Regular
s_img_00774_aug3.png,ꦪꦗꦗꦤ,yajajana,4,Noto Sans Javanese Regular
s_img_00141_aug1.png,ꦛꦱ,thasa,2,Nyk Ngayogyan New Italic
s_img_00141_aug2.png,ꦛꦱ,thasa,2,Nyk Ngayogyan New Italic
s_img_00141_aug3.png,ꦛꦱ,thasa,2,Nyk Ngayogyan New Italic
s_img_00370_aug1.png,ꦚꦝꦚ,nyadhanya,3,Tuladha Jejeg
s_img_00370_aug2.png,ꦚꦝꦚ,nyadhanya,3,Tuladha Jejeg
s_img_00370_aug3.png,ꦚꦝꦚ,nyadhanya,3,Tuladha Jejeg
s_img_00753_aug1.png,ꦚꦥꦮꦪ,nyapawaya,4,New Kramawirya
s_img_00753_aug2.png,ꦚꦥꦮꦪ,nyapawaya,4,New Kramawirya
s_img_00753_aug3.png,ꦚꦥꦮꦪ,nyapawaya,4,New Kramawirya
s_img_00914_aug1.png,ꦒꦏꦚ,gakanya,3,Noto Sans Javanese Bold
s_img_00914_aug2.png,ꦒꦏꦚ,gakanya,3,Noto Sans Javanese Bold
s_img_00914_aug3.png,ꦒꦏꦚ,gakanya,3,Noto Sans Javanese Bold
s_img_00933_aug1.png,ꦒꦗꦔ,gajanga,3,Nawatura Beta
s_img_00933_aug2.png,ꦒꦗꦔ,gajanga,3,Nawatura Beta
s_img_00933_aug3.png,ꦒꦗꦔ,gajanga,3,Nawatura Beta
s_img_01147_aug1.png,ꦛꦏꦢꦏ,thakadaka,4,Gumregah New FULL
s_img_01147_aug2.png,ꦛꦏꦢꦏ,thakadaka,4,Gumregah New FULL
s_img_01147_aug3.png,ꦛꦏꦢꦏ,thakadaka,4,Gumregah New FULL
s_img_00559_aug1.png,ꦧꦢꦧꦲꦚꦠ,badabahanyata,6,Nayaka New
s_img_00559_aug2.png,ꦧꦢꦧꦲꦚꦠ,badabahanyata,6,Nayaka New
s_img_00559_aug3.png,ꦧꦢꦧꦲꦚꦠ,badabahanyata,6,Nayaka New
s_img_00613_aug1.png,ꦧꦛꦏꦛ,bathakatha,4,New Kramawirya
s_img_00613_aug2.png,ꦧꦛꦏꦛ,bathakatha,4,New Kramawirya
s_img_00613_aug3.png,ꦧꦛꦏꦛ,bathakatha,4,New Kramawirya
s_img_00765_aug1.png,ꦲꦲꦩꦏꦢꦔ,hahamakadanga,6,Nawatura Beta
s_img_00765_aug2.png,ꦲꦲꦩꦏꦢꦔ,hahamakadanga,6,Nawatura Beta
s_img_00765_aug3.png,ꦲꦲꦩꦏꦢꦔ,hahamakadanga,6,Nawatura Beta
s_img_00333_aug1.png,ꦠꦝꦛꦚꦚ,tadhathanyanya,5,CARAKAN JAWA
s_img_00333_aug2.png,ꦠꦝꦛꦚꦚ,tadhathanyanya,5,CARAKAN JAWA
s_img_00333_aug3.png,ꦠꦝꦛꦚꦚ,tadhathanyanya,5,CARAKAN JAWA
s_img_00030_aug1.png,ꦭꦒ,laga,2,Nyk Ngayogyan New Italic
s_img_00030_aug2.png,ꦭꦒ,laga,2,Nyk Ngayogyan New Italic
s_img_00030_aug3.png,ꦭꦒ,laga,2,Nyk Ngayogyan New Italic
s_img_00695_aug1.png,ꦝꦩꦧꦩꦝ,dhamabamadha,5,Noto Sans Javanese Bold
s_img_00695_aug2.png,ꦝꦩꦧꦩꦝ,dhamabamadha,5,Noto Sans Javanese Bold
s_img_00695_aug3.png,ꦝꦩꦧꦩꦝ,dhamabamadha,5,Noto Sans Javanese Bold
s_img_00462_aug1.png,ꦢꦗꦒꦭ,dajagala,4,Gumregah New FULL
s_img_00462_aug2.png,ꦢꦗꦒꦭ,dajagala,4,Gumregah New FULL
s_img_00462_aug3.png,ꦢꦗꦒꦭ,dajagala,4,Gumregah New FULL
s_img_00907_aug1.png,ꦧꦠꦮ,batawa,3,Nawatura Beta
s_img_00907_aug2.png,ꦧꦠꦮ,batawa,3,Nawatura Beta
s_img_00907_aug3.png,ꦧꦠꦮ,batawa,3,Nawatura Beta
s_img_00676_aug1.png,ꦚꦭꦚ,nyalanya,3,CARAKAN JAWA
s_img_00676_aug2.png,ꦚꦭꦚ,nyalanya,3,CARAKAN JAWA
s_img_00676_aug3.png,ꦚꦭꦚ,nyalanya,3,CARAKAN JAWA
s_img_00892_aug1.png,ꦏꦫꦤꦲꦛꦔ,karanahathanga,6,Nayaka New
s_img_00892_aug2.png,ꦏꦫꦤꦲꦛꦔ,karanahathanga,6,Nayaka New
s_img_00892_aug3.png,ꦏꦫꦤꦲꦛꦔ,karanahathanga,6,Nayaka New
s_img_00616_aug1.png,ꦚꦲꦪꦠꦏ,nyahayataka,5,Nayaka New
s_img_00616_aug2.png,ꦚꦲꦪꦠꦏ,nyahayataka,5,Nayaka New
s_img_00616_aug3.png,ꦚꦲꦪꦠꦏ,nyahayataka,5,Nayaka New
s_img_00350_aug1.png,ꦔꦝ,ngadha,2,Tuladha Jejeg
s_img_00350_aug2.png,ꦔꦝ,ngadha,2,Tuladha Jejeg
s_img_00350_aug3.png,ꦔꦝ,ngadha,2,Tuladha Jejeg
s_img_01041_aug1.png,ꦗꦭꦥꦢꦤ,jalapadana,5,CARAKAN JAWA
s_img_01041_aug2.png,ꦗꦭꦥꦢꦤ,jalapadana,5,CARAKAN JAWA
s_img_01041_aug3.png,ꦗꦭꦥꦢꦤ,jalapadana,5,CARAKAN JAWA
s_img_00237_aug1.png,ꦚꦕ,nyaca,2,Tuladha Jejeg
s_img_00237_aug2.png,ꦚꦕ,nyaca,2,Tuladha Jejeg
s_img_00237_aug3.png,ꦚꦕ,nyaca,2,Tuladha Jejeg
s_img_00986_aug1.png,ꦢꦚꦫꦒꦚ,danyaraganya,5,New Kramawirya
s_img_00986_aug2.png,ꦢꦚꦫꦒꦚ,danyaraganya,5,New Kramawirya
s_img_00986_aug3.png,ꦢꦚꦫꦒꦚ,danyaraganya,5,New Kramawirya
s_img_01018_aug1.png,ꦚꦏꦧꦢꦛꦔ,nyakabadathanga,6,CARAKAN JAWA
s_img_01018_aug2.png,ꦚꦏꦧꦢꦛꦔ,nyakabadathanga,6,CARAKAN JAWA
s_img_01018_aug3.png,ꦚꦏꦧꦢꦛꦔ,nyakabadathanga,6,CARAKAN JAWA
s_img_01054_aug1.png,ꦢꦧꦝꦥꦚꦮ,dabadhapanyawa,6,Nayaka New
s_img_01054_aug2.png,ꦢꦧꦝꦥꦚꦮ,dabadhapanyawa,6,Nayaka New
s_img_01054_aug3.png,ꦢꦧꦝꦥꦚꦮ,dabadhapanyawa,6,Nayaka New
s_img_00132_aug1.png,ꦧꦤ,bana,2,New Kramawirya
s_img_00132_aug2.png,ꦧꦤ,bana,2,New Kramawirya
s_img_00132_aug3.png,ꦧꦤ,bana,2,New Kramawirya
s_img_00878_aug1.png,ꦩꦤꦭꦠꦥ,manalatapa,5,Nyk Ngayogyan Jejeg
s_img_00878_aug2.png,ꦩꦤꦭꦠꦥ,manalatapa,5,Nyk Ngayogyan Jejeg
s_img_00878_aug3.png,ꦩꦤꦭꦠꦥ,manalatapa,5,Nyk Ngayogyan Jejeg
s_img_00436_aug1.png,ꦠꦩꦥꦩ,tamapama,4,Noto Sans Javanese Regular
s_img_00436_aug2.png,ꦠꦩꦥꦩ,tamapama,4,Noto Sans Javanese Regular
s_img_00436_aug3.png,ꦠꦩꦥꦩ,tamapama,4,Noto Sans Javanese Regular
s_img_00571_aug1.png,ꦭꦥꦚꦠ,lapanyata,4,Nayaka New
s_img_00571_aug2.png,ꦭꦥꦚꦠ,lapanyata,4,Nayaka New
s_img_00571_aug3.png,ꦭꦥꦚꦠ,lapanyata,4,Nayaka New
s_img_01153_aug1.png,ꦲꦱꦧꦮꦔꦧ,hasabawangaba,6,Nawatura Beta
s_img_01153_aug2.png,ꦲꦱꦧꦮꦔꦧ,hasabawangaba,6,Nawatura Beta
s_img_01153_aug3.png,ꦲꦱꦧꦮꦔꦧ,hasabawangaba,6,Nawatura Beta
s_img_01135_aug1.png,ꦗꦔꦛꦔ,jangathanga,4,Tuladha Jejeg
s_img_01135_aug2.png,ꦗꦔꦛꦔ,jangathanga,4,Tuladha Jejeg
s_img_01135_aug3.png,ꦗꦔꦛꦔ,jangathanga,4,Tuladha Jejeg
s_img_00857_aug1.png,ꦤꦝꦚꦫꦔꦧ,nadhanyarangaba,6,CARAKAN JAWA
s_img_00857_aug2.png,ꦤꦝꦚꦫꦔꦧ,nadhanyarangaba,6,CARAKAN JAWA
s_img_00857_aug3.png,ꦤꦝꦚꦫꦔꦧ,nadhanyarangaba,6,CARAKAN JAWA
s_img_00169_aug1.png,ꦕꦛꦤꦏꦏ,cathanakaka,5,Nyk Ngayogyan Jejeg
s_img_00169_aug2.png,ꦕꦛꦤꦏꦏ,cathanakaka,5,Nyk Ngayogyan Jejeg
s_img_00169_aug3.png,ꦕꦛꦤꦏꦏ,cathanakaka,5,Nyk Ngayogyan Jejeg
s_img_01151_aug1.png,ꦲꦔꦩꦱꦠꦛ,hangamasatatha,6,Nayaka New
s_img_01151_aug2.png,ꦲꦔꦩꦱꦠꦛ,hangamasatatha,6,Nayaka New
s_img_01151_aug3.png,ꦲꦔꦩꦱꦠꦛ,hangamasatatha,6,Nayaka New
s_img_00090_aug1.png,ꦥꦮꦕꦮꦝ,pawacawadha,5,Gumregah New FULL
s_img_00090_aug2.png,ꦥꦮꦕꦮꦝ,pawacawadha,5,Gumregah New FULL
s_img_00090_aug3.png,ꦥꦮꦕꦮꦝ,pawacawadha,5,Gumregah New FULL
s_img_00687_aug1.png,ꦫꦤꦚꦤ,rananyana,4,New Kramawirya
s_img_00687_aug2.png,ꦫꦤꦚꦤ,rananyana,4,New Kramawirya
s_img_00687_aug3.png,ꦫꦤꦚꦤ,rananyana,4,New Kramawirya
s_img_00567_aug1.png,ꦱꦒꦒꦧ,sagagaba,4,New Kramawirya
s_img_00567_aug2.png,ꦱꦒꦒꦧ,sagagaba,4,New Kramawirya
s_img_00567_aug3.png,ꦱꦒꦒꦧ,sagagaba,4,New Kramawirya
s_img_00028_aug1.png,ꦮꦥꦫꦭꦪꦢ,waparalayada,6,New Kramawirya
s_img_00028_aug2.png,ꦮꦥꦫꦭꦪꦢ,waparalayada,6,New Kramawirya
s_img_00028_aug3.png,ꦮꦥꦫꦭꦪꦢ,waparalayada,6,New Kramawirya
s_img_00430_aug1.png,ꦏꦪꦠꦪꦒ,kayatayaga,5,Nyk Ngayogyan Jejeg
s_img_00430_aug2.png,ꦏꦪꦠꦪꦒ,kayatayaga,5,Nyk Ngayogyan Jejeg
s_img_00430_aug3.png,ꦏꦪꦠꦪꦒ,kayatayaga,5,Nyk Ngayogyan Jejeg
s_img_00954_aug1.png,ꦏꦫꦱꦚꦢ,karasanyada,5,New Kramawirya
s_img_00954_aug2.png,ꦏꦫꦱꦚꦢ,karasanyada,5,New Kramawirya
s_img_00954_aug3.png,ꦏꦫꦱꦚꦢ,karasanyada,5,New Kramawirya
s_img_00470_aug1.png,ꦥꦒꦚ,paganya,3,Nyk Ngayogyan New Italic
s_img_00470_aug2.png,ꦥꦒꦚ,paganya,3,Nyk Ngayogyan New Italic
s_img_00470_aug3.png,ꦥꦒꦚ,paganya,3,Nyk Ngayogyan New Italic
s_img_00828_aug1.png,ꦢꦕꦩꦥꦱ,dacamapasa,5,New Kramawirya
s_img_00828_aug2.png,ꦢꦕꦩꦥꦱ,dacamapasa,5,New Kramawirya
s_img_00828_aug3.png,ꦢꦕꦩꦥꦱ,dacamapasa,5,New Kramawirya
s_img_00238_aug1.png,ꦱꦗꦧ,sajaba,3,Tuladha Jejeg
s_img_00238_aug2.png,ꦱꦗꦧ,sajaba,3,Tuladha Jejeg
s_img_00238_aug3.png,ꦱꦗꦧ,sajaba,3,Tuladha Jejeg
s_img_00911_aug1.png,ꦧꦩꦏꦝꦗꦱ,bamakadhajasa,6,New Kramawirya
s_img_00911_aug2.png,ꦧꦩꦏꦝꦗꦱ,bamakadhajasa,6,New Kramawirya
s_img_00911_aug3.png,ꦧꦩꦏꦝꦗꦱ,bamakadhajasa,6,New Kramawirya
s_img_00700_aug1.png,ꦱꦮꦧ,sawaba,3,CARAKAN JAWA
s_img_00700_aug2.png,ꦱꦮꦧ,sawaba,3,CARAKAN JAWA
s_img_00700_aug3.png,ꦱꦮꦧ,sawaba,3,CARAKAN JAWA
s_img_01123_aug1.png,ꦲꦥꦪ,hapaya,3,Nawatura Beta
s_img_01123_aug2.png,ꦲꦥꦪ,hapaya,3,Nawatura Beta
s_img_01123_aug3.png,ꦲꦥꦪ,hapaya,3,Nawatura Beta
s_img_01132_aug1.png,ꦢꦚ,danya,2,Nayaka New
s_img_01132_aug2.png,ꦢꦚ,danya,2,Nayaka New
s_img_01132_aug3.png,ꦢꦚ,danya,2,Nayaka New
s_img_00103_aug1.png,ꦧꦲꦭꦭꦠ,bahalalata,5,Nyk Ngayogyan Jejeg
s_img_00103_aug2.png,ꦧꦲꦭꦭꦠ,bahalalata,5,Nyk Ngayogyan Jejeg
s_img_00103_aug3.png,ꦧꦲꦭꦭꦠ,bahalalata,5,Nyk Ngayogyan Jejeg
s_img_00092_aug1.png,ꦛꦮꦤ,thawana,3,Noto Sans Javanese Regular
s_img_00092_aug2.png,ꦛꦮꦤ,thawana,3,Noto Sans Javanese Regular
s_img_00092_aug3.png,ꦛꦮꦤ,thawana,3,Noto Sans Javanese Regular
s_img_00246_aug1.png,ꦏꦗꦚꦝꦧꦪ,kajanyadhabaya,6,CARAKAN JAWA
s_img_00246_aug2.png,ꦏꦗꦚꦝꦧꦪ,kajanyadhabaya,6,CARAKAN JAWA
s_img_00246_aug3.png,ꦏꦗꦚꦝꦧꦪ,kajanyadhabaya,6,CARAKAN JAWA
s_img_01013_aug1.png,ꦕꦫꦮꦔꦏꦕ,carawangakaca,6,Nyk Ngayogyan Jejeg
s_img_01013_aug2.png,ꦕꦫꦮꦔꦏꦕ,carawangakaca,6,Nyk Ngayogyan Jejeg
s_img_01013_aug3.png,ꦕꦫꦮꦔꦏꦕ,carawangakaca,6,Nyk Ngayogyan Jejeg
s_img_00904_aug1.png,ꦏꦥꦩꦚ,kapamanya,4,Noto Sans Javanese Bold
s_img_00904_aug2.png,ꦏꦥꦩꦚ,kapamanya,4,Noto Sans Javanese Bold
s_img_00904_aug3.png,ꦏꦥꦩꦚ,kapamanya,4,Noto Sans Javanese Bold
s_img_00305_aug1.png,ꦒꦠꦝꦝꦏꦱ,gatadhadhakasa,6,Noto Sans Javanese Bold
s_img_00305_aug2.png,ꦒꦠꦝꦝꦏꦱ,gatadhadhakasa,6,Noto Sans Javanese Bold
s_img_00305_aug3.png,ꦒꦠꦝꦝꦏꦱ,gatadhadhakasa,6,Noto Sans Javanese Bold
s_img_00296_aug1.png,ꦒꦧꦝ,gabadha,3,Nayaka New
s_img_00296_aug2.png,ꦒꦧꦝ,gabadha,3,Nayaka New
s_img_00296_aug3.png,ꦒꦧꦝ,gabadha,3,Nayaka New
s_img_00488_aug1.png,ꦥꦛꦔꦥꦱꦭ,pathangapasala,6,Tuladha Jejeg
s_img_00488_aug2.png,ꦥꦛꦔꦥꦱꦭ,pathangapasala,6,Tuladha Jejeg
s_img_00488_aug3.png,ꦥꦛꦔꦥꦱꦭ,pathangapasala,6,Tuladha Jejeg
s_img_00725_aug1.png,ꦥꦠ,pata,2,Nayaka New
s_img_00725_aug2.png,ꦥꦠ,pata,2,Nayaka New
s_img_00725_aug3.png,ꦥꦠ,pata,2,Nayaka New
s_img_00008_aug1.png,ꦗꦫ,jara,2,Tuladha Jejeg
s_img_00008_aug2.png,ꦗꦫ,jara,2,Tuladha Jejeg
s_img_00008_aug3.png,ꦗꦫ,jara,2,Tuladha Jejeg
s_img_00235_aug1.png,ꦧꦝꦒ,badhaga,3,Nyk Ngayogyan New Italic
s_img_00235_aug2.png,ꦧꦝꦒ,badhaga,3,Nyk Ngayogyan New Italic
s_img_00235_aug3.png,ꦧꦝꦒ,badhaga,3,Nyk Ngayogyan New Italic
s_img_00956_aug1.png,ꦲꦕꦏꦩꦔ,hacakamanga,5,CARAKAN JAWA
s_img_00956_aug2.png,ꦲꦕꦏꦩꦔ,hacakamanga,5,CARAKAN JAWA
s_img_00956_aug3.png,ꦲꦕꦏꦩꦔ,hacakamanga,5,CARAKAN JAWA
s_img_01185_aug1.png,ꦕꦚꦒ,canyaga,3,Nyk Ngayogyan New Italic
s_img_01185_aug2.png,ꦕꦚꦒ,canyaga,3,Nyk Ngayogyan New Italic
s_img_01185_aug3.png,ꦕꦚꦒ,canyaga,3,Nyk Ngayogyan New Italic
s_img_00962_aug1.png,ꦗꦝꦗꦗ,jadhajaja,4,Nawatura Beta
s_img_00962_aug2.png,ꦗꦝꦗꦗ,jadhajaja,4,Nawatura Beta
s_img_00962_aug3.png,ꦗꦝꦗꦗ,jadhajaja,4,Nawatura Beta
s_img_00323_aug1.png,ꦏꦝꦭꦗꦏꦔ,kadhalajakanga,6,Nyk Ngayogyan New Italic
s_img_00323_aug2.png,ꦏꦝꦭꦗꦏꦔ,kadhalajakanga,6,Nyk Ngayogyan New Italic
s_img_00323_aug3.png,ꦏꦝꦭꦗꦏꦔ,kadhalajakanga,6,Nyk Ngayogyan New Italic
s_img_00339_aug1.png,ꦪꦤ,yana,2,Nyk Ngayogyan Jejeg
s_img_00339_aug2.png,ꦪꦤ,yana,2,Nyk Ngayogyan Jejeg
s_img_00339_aug3.png,ꦪꦤ,yana,2,Nyk Ngayogyan Jejeg
s_img_00482_aug1.png,ꦪꦧꦗꦱꦱꦚ,yabajasasanya,6,Gumregah New FULL
s_img_00482_aug2.png,ꦪꦧꦗꦱꦱꦚ,yabajasasanya,6,Gumregah New FULL
s_img_00482_aug3.png,ꦪꦧꦗꦱꦱꦚ,yabajasasanya,6,Gumregah New FULL
s_img_00899_aug1.png,ꦔꦕꦠꦥ,ngacatapa,4,Noto Sans Javanese Bold
s_img_00899_aug2.png,ꦔꦕꦠꦥ,ngacatapa,4,Noto Sans Javanese Bold
s_img_00899_aug3.png,ꦔꦕꦠꦥ,ngacatapa,4,Noto Sans Javanese Bold
s_img_00553_aug1.png,ꦲꦗꦥꦔ,hajapanga,4,Tuladha Jejeg
s_img_00553_aug2.png,ꦲꦗꦥꦔ,hajapanga,4,Tuladha Jejeg
s_img_00553_aug3.png,ꦲꦗꦥꦔ,hajapanga,4,Tuladha Jejeg
s_img_00537_aug1.png,ꦢꦛꦗꦕꦔ,dathajacanga,5,Noto Sans Javanese Bold
s_img_00537_aug2.png,ꦢꦛꦗꦕꦔ,dathajacanga,5,Noto Sans Javanese Bold
s_img_00537_aug3.png,ꦢꦛꦗꦕꦔ,dathajacanga,5,Noto Sans Javanese Bold
s_img_00906_aug1.png,ꦔꦕꦮ,ngacawa,3,Tuladha Jejeg
s_img_00906_aug2.png,ꦔꦕꦮ,ngacawa,3,Tuladha Jejeg
s_img_00906_aug3.png,ꦔꦕꦮ,ngacawa,3,Tuladha Jejeg
s_img_00947_aug1.png,ꦲꦲꦛ,hahatha,3,Nyk Ngayogyan New Italic
s_img_00947_aug2.png,ꦲꦲꦛ,hahatha,3,Nyk Ngayogyan New Italic
s_img_00947_aug3.png,ꦲꦲꦛ,hahatha,3,Nyk Ngayogyan New Italic
s_img_00365_aug1.png,ꦝꦒꦮꦕꦪ,dhagawacaya,5,Nyk Ngayogyan Jejeg
s_img_00365_aug2.png,ꦝꦒꦮꦕꦪ,dhagawacaya,5,Nyk Ngayogyan Jejeg
s_img_00365_aug3.png,ꦝꦒꦮꦕꦪ,dhagawacaya,5,Nyk Ngayogyan Jejeg
s_img_00381_aug1.png,ꦩꦠꦫꦏ,mataraka,4,Tuladha Jejeg
s_img_00381_aug2.png,ꦩꦠꦫꦏ,mataraka,4,Tuladha Jejeg
s_img_00381_aug3.png,ꦩꦠꦫꦏ,mataraka,4,Tuladha Jejeg
s_img_00513_aug1.png,ꦢꦧꦤꦒꦤ,dabanagana,5,Tuladha Jejeg
s_img_00513_aug2.png,ꦢꦧꦤꦒꦤ,dabanagana,5,Tuladha Jejeg
s_img_00513_aug3.png,ꦢꦧꦤꦒꦤ,dabanagana,5,Tuladha Jejeg
s_img_01053_aug1.png,ꦧꦭꦧꦩꦠ,balabamata,5,Nyk Ngayogyan New Italic
s_img_01053_aug2.png,ꦧꦭꦧꦩꦠ,balabamata,5,Nyk Ngayogyan New Italic
s_img_01053_aug3.png,ꦧꦭꦧꦩꦠ,balabamata,5,Nyk Ngayogyan New Italic
s_img_00065_aug1.png,ꦛꦔꦤ,thangana,3,Gumregah New FULL
s_img_00065_aug2.png,ꦛꦔꦤ,thangana,3,Gumregah New FULL
s_img_00065_aug3.png,ꦛꦔꦤ,thangana,3,Gumregah New FULL
s_img_00532_aug1.png,ꦧꦥꦗꦏꦕ,bapajakaca,5,Nyk Ngayogyan Jejeg
s_img_00532_aug2.png,ꦧꦥꦗꦏꦕ,bapajakaca,5,Nyk Ngayogyan Jejeg
s_img_00532_aug3.png,ꦧꦥꦗꦏꦕ,bapajakaca,5,Nyk Ngayogyan Jejeg
s_img_00089_aug1.png,ꦱꦲꦠ,sahata,3,Noto Sans Javanese Regular
s_img_00089_aug2.png,ꦱꦲꦠ,sahata,3,Noto Sans Javanese Regular
s_img_00089_aug3.png,ꦱꦲꦠ,sahata,3,Noto Sans Javanese Regular
s_img_01187_aug1.png,ꦭꦥꦏꦫꦒꦏ,lapakaragaka,6,Nayaka New
s_img_01187_aug2.png,ꦭꦥꦏꦫꦒꦏ,lapakaragaka,6,Nayaka New
s_img_01187_aug3.png,ꦭꦥꦏꦫꦒꦏ,lapakaragaka,6,Nayaka New
s_img_00847_aug1.png,ꦮꦗꦥ,wajapa,3,Nawatura Beta
s_img_00847_aug2.png,ꦮꦗꦥ,wajapa,3,Nawatura Beta
s_img_00847_aug3.png,ꦮꦗꦥ,wajapa,3,Nawatura Beta
s_img_00250_aug1.png,ꦤꦗꦮꦠ,najawata,4,New Kramawirya
s_img_00250_aug2.png,ꦤꦗꦮꦠ,najawata,4,New Kramawirya
s_img_00250_aug3.png,ꦤꦗꦮꦠ,najawata,4,New Kramawirya
s_img_00717_aug1.png,ꦢꦕꦥꦚ,dacapanya,4,New Kramawirya
s_img_00717_aug2.png,ꦢꦕꦥꦚ,dacapanya,4,New Kramawirya
s_img_00717_aug3.png,ꦢꦕꦥꦚ,dacapanya,4,New Kramawirya
s_img_00910_aug1.png,ꦧꦮ,bawa,2,Nayaka New
s_img_00910_aug2.png,ꦧꦮ,bawa,2,Nayaka New
s_img_00910_aug3.png,ꦧꦮ,bawa,2,Nayaka New
s_img_01056_aug1.png,ꦮꦧꦝꦚ,wabadhanya,4,Nyk Ngayogyan New Italic
s_img_01056_aug2.png,ꦮꦧꦝꦚ,wabadhanya,4,Nyk Ngayogyan New Italic
s_img_01056_aug3.png,ꦮꦧꦝꦚ,wabadhanya,4,Nyk Ngayogyan New Italic
s_img_00277_aug1.png,ꦏꦩꦱ,kamasa,3,Tuladha Jejeg
s_img_00277_aug2.png,ꦏꦩꦱ,kamasa,3,Tuladha Jejeg
s_img_00277_aug3.png,ꦏꦩꦱ,kamasa,3,Tuladha Jejeg
s_img_00965_aug1.png,ꦱꦔꦠꦚ,sangatanya,4,Noto Sans Javanese Regular
s_img_00965_aug2.png,ꦱꦔꦠꦚ,sangatanya,4,Noto Sans Javanese Regular
s_img_00965_aug3.png,ꦱꦔꦠꦚ,sangatanya,4,Noto Sans Javanese Regular
s_img_00657_aug1.png,ꦮꦕꦛꦝ,wacathadha,4,CARAKAN JAWA
s_img_00657_aug2.png,ꦮꦕꦛꦝ,wacathadha,4,CARAKAN JAWA
s_img_00657_aug3.png,ꦮꦕꦛꦝ,wacathadha,4,CARAKAN JAWA
s_img_00397_aug1.png,ꦔꦔꦥ,ngangapa,3,Noto Sans Javanese Regular
s_img_00397_aug2.png,ꦔꦔꦥ,ngangapa,3,Noto Sans Javanese Regular
s_img_00397_aug3.png,ꦔꦔꦥ,ngangapa,3,Noto Sans Javanese Regular
s_img_00632_aug1.png,ꦔꦭꦲꦭꦠꦒ,ngalahalataga,6,Nyk Ngayogyan New Italic
s_img_00632_aug2.png,ꦔꦭꦲꦭꦠꦒ,ngalahalataga,6,Nyk Ngayogyan New Italic
s_img_00632_aug3.png,ꦔꦭꦲꦭꦠꦒ,ngalahalataga,6,Nyk Ngayogyan New Italic
s_img_01046_aug1.png,ꦤꦛ,natha,2,Nayaka New
s_img_01046_aug2.png,ꦤꦛ,natha,2,Nayaka New
s_img_01046_aug3.png,ꦤꦛ,natha,2,Nayaka New
s_img_00581_aug1.png,ꦫꦮꦩꦒꦥ,rawamagapa,5,Tuladha Jejeg
s_img_00581_aug2.png,ꦫꦮꦩꦒꦥ,rawamagapa,5,Tuladha Jejeg
s_img_00581_aug3.png,ꦫꦮꦩꦒꦥ,rawamagapa,5,Tuladha Jejeg
s_img_00241_aug1.png,ꦫꦱꦩꦲ,rasamaha,4,CARAKAN JAWA
s_img_00241_aug2.png,ꦫꦱꦩꦲ,rasamaha,4,CARAKAN JAWA
s_img_00241_aug3.png,ꦫꦱꦩꦲ,rasamaha,4,CARAKAN JAWA
s_img_00173_aug1.png,ꦤꦔꦫꦠꦠꦮ,nangaratatawa,6,Noto Sans Javanese Regular
s_img_00173_aug2.png,ꦤꦔꦫꦠꦠꦮ,nangaratatawa,6,Noto Sans Javanese Regular
s_img_00173_aug3.png,ꦤꦔꦫꦠꦠꦮ,nangaratatawa,6,Noto Sans Javanese Regular
s_img_00917_aug1.png,ꦩꦱꦕ,masaca,3,Nyk Ngayogyan New Italic
s_img_00917_aug2.png,ꦩꦱꦕ,masaca,3,Nyk Ngayogyan New Italic
s_img_00917_aug3.png,ꦩꦱꦕ,masaca,3,Nyk Ngayogyan New Italic
s_img_00037_aug1.png,ꦩꦧꦢ,mabada,3,Tuladha Jejeg
s_img_00037_aug2.png,ꦩꦧꦢ,mabada,3,Tuladha Jejeg
s_img_00037_aug3.png,ꦩꦧꦢ,mabada,3,Tuladha Jejeg
s_img_00544_aug1.png,ꦕꦝ,cadha,2,CARAKAN JAWA
s_img_00544_aug2.png,ꦕꦝ,cadha,2,CARAKAN JAWA
s_img_00544_aug3.png,ꦕꦝ,cadha,2,CARAKAN JAWA
s_img_00319_aug1.png,ꦔꦢꦝꦝꦭꦗ,ngadadhadhalaja,6,Gumregah New FULL
s_img_00319_aug2.png,ꦔꦢꦝꦝꦭꦗ,ngadadhadhalaja,6,Gumregah New FULL
s_img_00319_aug3.png,ꦔꦢꦝꦝꦭꦗ,ngadadhadhalaja,6,Gumregah New FULL
s_img_00890_aug1.png,ꦢꦧꦱꦏꦗ,dabasakaja,5,Noto Sans Javanese Bold
s_img_00890_aug2.png,ꦢꦧꦱꦏꦗ,dabasakaja,5,Noto Sans Javanese Bold
s_img_00890_aug3.png,ꦢꦧꦱꦏꦗ,dabasakaja,5,Noto Sans Javanese Bold
s_img_00426_aug1.png,ꦛꦛꦱꦤ,thathasana,4,Tuladha Jejeg
s_img_00426_aug2.png,ꦛꦛꦱꦤ,thathasana,4,Tuladha Jejeg
s_img_00426_aug3.png,ꦛꦛꦱꦤ,thathasana,4,Tuladha Jejeg
s_img_00240_aug1.png,ꦫꦚꦝꦮꦛꦗ,ranyadhawathaja,6,CARAKAN JAWA
s_img_00240_aug2.png,ꦫꦚꦝꦮꦛꦗ,ranyadhawathaja,6,CARAKAN JAWA
s_img_00240_aug3.png,ꦫꦚꦝꦮꦛꦗ,ranyadhawathaja,6,CARAKAN JAWA
s_img_01074_aug1.png,ꦠꦗꦧꦮꦝꦚ,tajabawadhanya,6,Nawatura Beta
s_img_01074_aug2.png,ꦠꦗꦧꦮꦝꦚ,tajabawadhanya,6,Nawatura Beta
s_img_01074_aug3.png,ꦠꦗꦧꦮꦝꦚ,tajabawadhanya,6,Nawatura Beta
s_img_00530_aug1.png,ꦗꦕꦭ,jacala,3,Noto Sans Javanese Regular
s_img_00530_aug2.png,ꦗꦕꦭ,jacala,3,Noto Sans Javanese Regular
s_img_00530_aug3.png,ꦗꦕꦭ,jacala,3,Noto Sans Javanese Regular
s_img_00306_aug1.png,ꦏꦮ,kawa,2,Nyk Ngayogyan New Italic
s_img_00306_aug2.png,ꦏꦮ,kawa,2,Nyk Ngayogyan New Italic
s_img_00306_aug3.png,ꦏꦮ,kawa,2,Nyk Ngayogyan New Italic
s_img_00110_aug1.png,ꦗꦩꦗ,jamaja,3,Noto Sans Javanese Bold
s_img_00110_aug2.png,ꦗꦩꦗ,jamaja,3,Noto Sans Javanese Bold
s_img_00110_aug3.png,ꦗꦩꦗ,jamaja,3,Noto Sans Javanese Bold
s_img_00794_aug1.png,ꦭꦢꦕꦤꦭꦭ,ladacanalala,6,Nawatura Beta
s_img_00794_aug2.png,ꦭꦢꦕꦤꦭꦭ,ladacanalala,6,Nawatura Beta
s_img_00794_aug3.png,ꦭꦢꦕꦤꦭꦭ,ladacanalala,6,Nawatura Beta
s_img_00477_aug1.png,ꦩꦤ,mana,2,New Kramawirya
s_img_00477_aug2.png,ꦩꦤ,mana,2,New Kramawirya
s_img_00477_aug3.png,ꦩꦤ,mana,2,New Kramawirya
s_img_00099_aug1.png,ꦔꦥꦫꦭ,ngaparala,4,Nyk Ngayogyan Jejeg
s_img_00099_aug2.png,ꦔꦥꦫꦭ,ngaparala,4,Nyk Ngayogyan Jejeg
s_img_00099_aug3.png,ꦔꦥꦫꦭ,ngaparala,4,Nyk Ngayogyan Jejeg
s_img_00331_aug1.png,ꦤꦪꦝꦱꦚ,nayadhasanya,5,Tuladha Jejeg
s_img_00331_aug2.png,ꦤꦪꦝꦱꦚ,nayadhasanya,5,Tuladha Jejeg
s_img_00331_aug3.png,ꦤꦪꦝꦱꦚ,nayadhasanya,5,Tuladha Jejeg
s_img_00989_aug1.png,ꦮꦱꦮꦩꦔꦥ,wasawamangapa,6,Gumregah New FULL
s_img_00989_aug2.png,ꦮꦱꦮꦩꦔꦥ,wasawamangapa,6,Gumregah New FULL
s_img_00989_aug3.png,ꦮꦱꦮꦩꦔꦥ,wasawamangapa,6,Gumregah New FULL
s_img_00629_aug1.png,ꦕꦫꦏ,caraka,3,Nyk Ngayogyan Jejeg
s_img_00629_aug2.png,ꦕꦫꦏ,caraka,3,Nyk Ngayogyan Jejeg
s_img_00629_aug3.png,ꦕꦫꦏ,caraka,3,Nyk Ngayogyan Jejeg
s_img_00356_aug1.png,ꦤꦝꦧ,nadhaba,3,Noto Sans Javanese Bold
s_img_00356_aug2.png,ꦤꦝꦧ,nadhaba,3,Noto Sans Javanese Bold
s_img_00356_aug3.png,ꦤꦝꦧ,nadhaba,3,Noto Sans Javanese Bold
s_img_00882_aug1.png,ꦕꦕ,caca,2,Gumregah New FULL
s_img_00882_aug2.png,ꦕꦕ,caca,2,Gumregah New FULL
s_img_00882_aug3.png,ꦕꦕ,caca,2,Gumregah New FULL
s_img_00393_aug1.png,ꦒꦭꦕꦮ,galacawa,4,Noto Sans Javanese Regular
s_img_00393_aug2.png,ꦒꦭꦕꦮ,galacawa,4,Noto Sans Javanese Regular
s_img_00393_aug3.png,ꦒꦭꦕꦮ,galacawa,4,Noto Sans Javanese Regular
s_img_00932_aug1.png,ꦤꦢꦮ,nadawa,3,Nawatura Beta
s_img_00932_aug2.png,ꦤꦢꦮ,nadawa,3,Nawatura Beta
s_img_00932_aug3.png,ꦤꦢꦮ,nadawa,3,Nawatura Beta
s_img_00374_aug1.png,ꦕꦱꦝ,casadha,3,Gumregah New FULL
s_img_00374_aug2.png,ꦕꦱꦝ,casadha,3,Gumregah New FULL
s_img_00374_aug3.png,ꦕꦱꦝ,casadha,3,Gumregah New FULL
s_img_00209_aug1.png,ꦗꦗꦏꦩꦤ,jajakamana,5,Tuladha Jejeg
s_img_00209_aug2.png,ꦗꦗꦏꦩꦤ,jajakamana,5,Tuladha Jejeg
s_img_00209_aug3.png,ꦗꦗꦏꦩꦤ,jajakamana,5,Tuladha Jejeg
s_img_00883_aug1.png,ꦢꦮ,dawa,2,Noto Sans Javanese Regular
s_img_00883_aug2.png,ꦢꦮ,dawa,2,Noto Sans Javanese Regular
s_img_00883_aug3.png,ꦢꦮ,dawa,2,Noto Sans Javanese Regular
s_img_00201_aug1.png,ꦪꦩꦩꦱ,yamamasa,4,Gumregah New FULL
s_img_00201_aug2.png,ꦪꦩꦩꦱ,yamamasa,4,Gumregah New FULL
s_img_00201_aug3.png,ꦪꦩꦩꦱ,yamamasa,4,Gumregah New FULL
s_img_00342_aug1.png,ꦏꦏꦤꦭ,kakanala,4,Nawatura Beta
s_img_00342_aug2.png,ꦏꦏꦤꦭ,kakanala,4,Nawatura Beta
s_img_00342_aug3.png,ꦏꦏꦤꦭ,kakanala,4,Nawatura Beta
s_img_01110_aug1.png,ꦚꦧꦲꦤꦱꦒ,nyabahanasaga,6,Tuladha Jejeg
s_img_01110_aug2.png,ꦚꦧꦲꦤꦱꦒ,nyabahanasaga,6,Tuladha Jejeg
s_img_01110_aug3.png,ꦚꦧꦲꦤꦱꦒ,nyabahanasaga,6,Tuladha Jejeg
s_img_00253_aug1.png,ꦠꦱꦥꦏꦔꦲ,tasapakangaha,6,Nyk Ngayogyan New Italic
s_img_00253_aug2.png,ꦠꦱꦥꦏꦔꦲ,tasapakangaha,6,Nyk Ngayogyan New Italic
s_img_00253_aug3.png,ꦠꦱꦥꦏꦔꦲ,tasapakangaha,6,Nyk Ngayogyan New Italic
